"quantity","trait1","trait2","estimate","standard_error","z","p_value","undefined_reason","uncertainty_reason","method","component"
"h2","GWAS1",NA,0.469755343995376,0.0246419261676071,19.0632558834987,5.10001245226442e-81,NA,NA,"ldsc",NA
"intercept","GWAS1",NA,1.01833800806758,0.00730743055413948,139.356508491308,0,NA,NA,"ldsc",NA
"h2","GWAS2",NA,0.310603274267103,0.019208502212603,16.1700933695555,8.19740211648263e-59,NA,NA,"ldsc",NA
"intercept","GWAS2",NA,0.884466041465287,0.0040577828108176,217.967812152834,0,NA,NA,"ldsc",NA
"cov","GWAS1","GWAS2",0.146811199859802,0.0119045802048115,12.3323290140433,6.0667484016412e-35,NA,NA,"ldsc",NA
"rg","GWAS1","GWAS2",0.384344179576365,0.028498016686093,13.4866992257719,1.87299975920227e-41,NA,NA,"ldsc",NA
"cross_trait_intercept","GWAS1","GWAS2",0.0379853299671923,0.00285594197608964,13.3004557813888,2.30061612600446e-40,NA,NA,"ldsc",NA
"h2","GWAS1",NA,0.498234193641822,0.0276626984823462,18.0110481253224,1.59578131801146e-72,NA,NA,"gnova","all"
"h2","GWAS2",NA,0.110615967378659,0.0191808241113123,5.76700806684425,8.06911914776909e-09,NA,NA,"gnova","all"
"cov","GWAS1","GWAS2",0.141822394502682,0.0105536438245647,13.4382396128033,3.60920777423435e-41,NA,NA,"gnova","all"
"rg","GWAS1","GWAS2",0.604114330423521,0.0586558937478472,10.2992946117319,7.09798581036318e-25,NA,NA,"gnova","all"
"component_h2","GWAS1",NA,0.498234193641822,0.0276626984823462,18.0110481253224,1.59578131801146e-72,NA,NA,"gnova","all"
"component_h2","GWAS2",NA,0.110615967378659,0.0191808241113123,5.76700806684425,8.06911914776909e-09,NA,NA,"gnova","all"
"component_cov","GWAS1","GWAS2",0.141822394502682,0.0105536438245647,13.4382396128033,3.6092077742341e-41,NA,NA,"gnova","all"
"h2","GWAS1",NA,0.48772573908059,0.0289253762052604,16.8615175691956,8.63433243081053e-64,NA,NA,"sumher","baseline"
"h2","GWAS1",NA,0.48772573908059,0.0289253762052604,16.8615175691956,8.63433243081053e-64,NA,NA,"sumher","all"
"inflation","GWAS1",NA,1.01958173948781,0.00970734217387105,105.032018159634,0,NA,NA,"sumher","all"
"h2","GWAS2",NA,0.361628729972938,0.0229225314847125,15.7761253469808,4.54229462926929e-56,NA,NA,"sumher","baseline"
"h2","GWAS2",NA,0.361628729972938,0.0229225314847125,15.7761253469808,4.54229462926929e-56,NA,NA,"sumher","all"
"inflation","GWAS2",NA,0.883354866102579,0.00382358710245021,231.027786848772,0,NA,NA,"sumher","all"
"cov","GWAS1","GWAS2",0.162610418557603,0.0129741463205705,12.5334195052036,4.90033447778108e-36,NA,NA,"sumher","baseline"
"rg","GWAS1","GWAS2",0.387194399447146,0.0272514001955302,14.208238720543,8.14483089565041e-46,NA,NA,"sumher","baseline"
"cov","GWAS1","GWAS2",0.162610418557603,0.0129741463205705,12.5334195052036,4.90033447778108e-36,NA,NA,"sumher","all"
"rg","GWAS1","GWAS2",0.387194399447146,0.0272514001955302,14.208238720543,8.14483089565041e-46,NA,NA,"sumher","all"
"overlap_intercept","GWAS1","GWAS2",0.0371952337466269,0.00290369588645935,12.8096175360779,1.44846726916959e-37,NA,NA,"sumher","all"
