"set","regression_markers","reference_markers"
"chr1",554817,554817
"chr2",614595,614595
"chr3",523288,523288
"chr4",531110,531110
"chr5",467310,467310
"chr6",490332,490332
"chr7",422567,422567
"chr8",404503,404503
"chr9",314250,314250
"chr10",368561,368561
"chr11",359042,359042
"chr12",341731,341731
"chr13",270030,270030
"chr14",237919,237919
"chr15",201923,201923
"chr16",217925,217925
"chr17",180400,180400
"chr18",210606,210606
"chr19",150136,150136
"chr20",164284,164284
"chr21",100115,100115
"chr22",96479,96479
