"region","component","quantity","trait1","trait2","estimate","standard_error","z","p_value","undefined_reason","uncertainty_reason"
"chr22_16050408_17674295","region","h2","GWAS1",NA,7.48181304858192e-06,NA,NA,NA,"","Joint HESS uncertainty requires valid regional genetic and total residual parameters"
"chr22_16050408_17674295","region","h2","GWAS2",NA,1.34987402249487e-05,NA,NA,NA,"","Joint HESS uncertainty requires valid regional genetic and total residual parameters"
"chr22_16050408_17674295","region","cov","GWAS1","GWAS2",5.39810912441237e-05,NA,NA,NA,"","Joint HESS uncertainty requires valid regional genetic and total residual parameters"
"chr22_16050408_17674295","region","rg","GWAS1","GWAS2",5.37145094429242,NA,NA,NA,"","Joint HESS uncertainty requires valid regional genetic and total residual parameters"
"chr22_17674295_18296088","region","h2","GWAS1",NA,9.81677892988009e-06,NA,NA,NA,"","Joint HESS uncertainty requires valid regional genetic and total residual parameters"
"chr22_17674295_18296088","region","h2","GWAS2",NA,2.83932960606718e-06,NA,NA,NA,"","Joint HESS uncertainty requires valid regional genetic and total residual parameters"
"chr22_17674295_18296088","region","cov","GWAS1","GWAS2",2.45265559035202e-05,NA,NA,NA,"","Joint HESS uncertainty requires valid regional genetic and total residual parameters"
"chr22_17674295_18296088","region","rg","GWAS1","GWAS2",4.64562506850387,NA,NA,NA,"","Joint HESS uncertainty requires valid regional genetic and total residual parameters"
"chr22_18296088_19912358","region","h2","GWAS1",NA,7.46289452057331e-05,NA,NA,NA,"","Joint HESS uncertainty requires valid regional genetic and total residual parameters"
"chr22_18296088_19912358","region","h2","GWAS2",NA,-1.58435770082849e-05,NA,NA,NA,"","Joint HESS uncertainty requires valid regional genetic and total residual parameters"
"chr22_18296088_19912358","region","cov","GWAS1","GWAS2",-3.09518989335736e-05,NA,NA,NA,"","Joint HESS uncertainty requires valid regional genetic and total residual parameters"
"chr22_18296088_19912358","region","rg","GWAS1","GWAS2",NA,NA,NA,NA,"Genetic correlation requires two positive heritabilities",""
"chr22_19912358_22357325","region","h2","GWAS1",NA,5.24114360032238e-05,NA,NA,NA,"","Joint HESS uncertainty requires valid regional genetic and total residual parameters"
"chr22_19912358_22357325","region","h2","GWAS2",NA,4.65176188949307e-05,NA,NA,NA,"","Joint HESS uncertainty requires valid regional genetic and total residual parameters"
"chr22_19912358_22357325","region","cov","GWAS1","GWAS2",5.83002709942468e-06,NA,NA,NA,"","Joint HESS uncertainty requires valid regional genetic and total residual parameters"
"chr22_19912358_22357325","region","rg","GWAS1","GWAS2",0.118072512776352,NA,NA,NA,"","Joint HESS uncertainty requires valid regional genetic and total residual parameters"
"chr22_22357325_23712647","region","h2","GWAS1",NA,-4.57474746605403e-06,NA,NA,NA,"","Joint HESS uncertainty requires valid regional genetic and total residual parameters"
"chr22_22357325_23712647","region","h2","GWAS2",NA,-2.48324239519515e-05,NA,NA,NA,"","Joint HESS uncertainty requires valid regional genetic and total residual parameters"
"chr22_22357325_23712647","region","cov","GWAS1","GWAS2",5.44790644880366e-06,NA,NA,NA,"","Joint HESS uncertainty requires valid regional genetic and total residual parameters"
"chr22_22357325_23712647","region","rg","GWAS1","GWAS2",NA,NA,NA,NA,"Genetic correlation requires two positive heritabilities",""
"chr22_23712647_24984204","region","h2","GWAS1",NA,-1.33734591249303e-05,NA,NA,NA,"","Joint HESS uncertainty requires valid regional genetic and total residual parameters"
"chr22_23712647_24984204","region","h2","GWAS2",NA,0.000113358626432951,NA,NA,NA,"","Joint HESS uncertainty requires valid regional genetic and total residual parameters"
"chr22_23712647_24984204","region","cov","GWAS1","GWAS2",4.00916970759057e-05,NA,NA,NA,"","Joint HESS uncertainty requires valid regional genetic and total residual parameters"
"chr22_23712647_24984204","region","rg","GWAS1","GWAS2",NA,NA,NA,NA,"Genetic correlation requires two positive heritabilities",""
"chr22_24984204_26791628","region","h2","GWAS1",NA,3.67946698430862e-05,NA,NA,NA,"","Joint HESS uncertainty requires valid regional genetic and total residual parameters"
"chr22_24984204_26791628","region","h2","GWAS2",NA,-5.13640899084596e-05,NA,NA,NA,"","Joint HESS uncertainty requires valid regional genetic and total residual parameters"
"chr22_24984204_26791628","region","cov","GWAS1","GWAS2",-6.45397177081704e-06,NA,NA,NA,"","Joint HESS uncertainty requires valid regional genetic and total residual parameters"
"chr22_24984204_26791628","region","rg","GWAS1","GWAS2",NA,NA,NA,NA,"Genetic correlation requires two positive heritabilities",""
"chr22_26791628_27834752","region","h2","GWAS1",NA,-4.12547135720555e-06,NA,NA,NA,"","Joint HESS uncertainty requires valid regional genetic and total residual parameters"
"chr22_26791628_27834752","region","h2","GWAS2",NA,-3.81023395744528e-05,NA,NA,NA,"","Joint HESS uncertainty requires valid regional genetic and total residual parameters"
"chr22_26791628_27834752","region","cov","GWAS1","GWAS2",3.24610529867741e-05,NA,NA,NA,"","Joint HESS uncertainty requires valid regional genetic and total residual parameters"
"chr22_26791628_27834752","region","rg","GWAS1","GWAS2",NA,NA,NA,NA,"Genetic correlation requires two positive heritabilities",""
"chr22_27834752_29651799","region","h2","GWAS1",NA,4.62904516922771e-05,NA,NA,NA,"","Joint HESS uncertainty requires valid regional genetic and total residual parameters"
"chr22_27834752_29651799","region","h2","GWAS2",NA,-4.42257003185461e-05,NA,NA,NA,"","Joint HESS uncertainty requires valid regional genetic and total residual parameters"
"chr22_27834752_29651799","region","cov","GWAS1","GWAS2",3.89028372172243e-05,NA,NA,NA,"","Joint HESS uncertainty requires valid regional genetic and total residual parameters"
"chr22_27834752_29651799","region","rg","GWAS1","GWAS2",NA,NA,NA,NA,"Genetic correlation requires two positive heritabilities",""
"chr22_29651799_31439918","region","h2","GWAS1",NA,6.69175289118842e-05,NA,NA,NA,"","Joint HESS uncertainty requires valid regional genetic and total residual parameters"
"chr22_29651799_31439918","region","h2","GWAS2",NA,2.7032191797244e-05,NA,NA,NA,"","Joint HESS uncertainty requires valid regional genetic and total residual parameters"
"chr22_29651799_31439918","region","cov","GWAS1","GWAS2",4.64871456162994e-05,NA,NA,NA,"","Joint HESS uncertainty requires valid regional genetic and total residual parameters"
"chr22_29651799_31439918","region","rg","GWAS1","GWAS2",1.09300538830327,NA,NA,NA,"","Joint HESS uncertainty requires valid regional genetic and total residual parameters"
"chr22_31439918_32664986","region","h2","GWAS1",NA,2.60283081488653e-05,NA,NA,NA,"","Joint HESS uncertainty requires valid regional genetic and total residual parameters"
"chr22_31439918_32664986","region","h2","GWAS2",NA,8.71820848707563e-05,NA,NA,NA,"","Joint HESS uncertainty requires valid regional genetic and total residual parameters"
"chr22_31439918_32664986","region","cov","GWAS1","GWAS2",1.28150116508958e-06,NA,NA,NA,"","Joint HESS uncertainty requires valid regional genetic and total residual parameters"
"chr22_31439918_32664986","region","rg","GWAS1","GWAS2",0.0269018663187309,NA,NA,NA,"","Joint HESS uncertainty requires valid regional genetic and total residual parameters"
"chr22_32664986_34494914","region","h2","GWAS1",NA,-2.69214778671144e-05,NA,NA,NA,"","Joint HESS uncertainty requires valid regional genetic and total residual parameters"
"chr22_32664986_34494914","region","h2","GWAS2",NA,3.46068016665415e-05,NA,NA,NA,"","Joint HESS uncertainty requires valid regional genetic and total residual parameters"
"chr22_32664986_34494914","region","cov","GWAS1","GWAS2",-1.12105678508166e-05,NA,NA,NA,"","Joint HESS uncertainty requires valid regional genetic and total residual parameters"
"chr22_32664986_34494914","region","rg","GWAS1","GWAS2",NA,NA,NA,NA,"Genetic correlation requires two positive heritabilities",""
"chr22_34494914_35530985","region","h2","GWAS1",NA,-2.90692540778186e-05,NA,NA,NA,"","Joint HESS uncertainty requires valid regional genetic and total residual parameters"
"chr22_34494914_35530985","region","h2","GWAS2",NA,-9.40849475005609e-05,NA,NA,NA,"","Joint HESS uncertainty requires valid regional genetic and total residual parameters"
"chr22_34494914_35530985","region","cov","GWAS1","GWAS2",-2.88095989037384e-06,NA,NA,NA,"","Joint HESS uncertainty requires valid regional genetic and total residual parameters"
"chr22_34494914_35530985","region","rg","GWAS1","GWAS2",NA,NA,NA,NA,"Genetic correlation requires two positive heritabilities",""
"chr22_35530985_37570269","region","h2","GWAS1",NA,-2.12276891812765e-05,NA,NA,NA,"","Joint HESS uncertainty requires valid regional genetic and total residual parameters"
"chr22_35530985_37570269","region","h2","GWAS2",NA,-9.01632780889392e-05,NA,NA,NA,"","Joint HESS uncertainty requires valid regional genetic and total residual parameters"
"chr22_35530985_37570269","region","cov","GWAS1","GWAS2",-1.27843216587086e-05,NA,NA,NA,"","Joint HESS uncertainty requires valid regional genetic and total residual parameters"
"chr22_35530985_37570269","region","rg","GWAS1","GWAS2",NA,NA,NA,NA,"Genetic correlation requires two positive heritabilities",""
"chr22_37570269_39307894","region","h2","GWAS1",NA,-2.48614093537766e-05,NA,NA,NA,"","Joint HESS uncertainty requires valid regional genetic and total residual parameters"
"chr22_37570269_39307894","region","h2","GWAS2",NA,3.11522281615307e-05,NA,NA,NA,"","Joint HESS uncertainty requires valid regional genetic and total residual parameters"
"chr22_37570269_39307894","region","cov","GWAS1","GWAS2",-3.73348623269873e-05,NA,NA,NA,"","Joint HESS uncertainty requires valid regional genetic and total residual parameters"
"chr22_37570269_39307894","region","rg","GWAS1","GWAS2",NA,NA,NA,NA,"Genetic correlation requires two positive heritabilities",""
"chr22_39307894_40545797","region","h2","GWAS1",NA,5.82413537554225e-05,NA,NA,NA,"","Joint HESS uncertainty requires valid regional genetic and total residual parameters"
"chr22_39307894_40545797","region","h2","GWAS2",NA,-3.81584268364954e-05,NA,NA,NA,"","Joint HESS uncertainty requires valid regional genetic and total residual parameters"
"chr22_39307894_40545797","region","cov","GWAS1","GWAS2",-2.32173397678727e-05,NA,NA,NA,"","Joint HESS uncertainty requires valid regional genetic and total residual parameters"
"chr22_39307894_40545797","region","rg","GWAS1","GWAS2",NA,NA,NA,NA,"Genetic correlation requires two positive heritabilities",""
"chr22_40545797_42690818","region","h2","GWAS1",NA,5.82849966137985e-05,NA,NA,NA,"","Joint HESS uncertainty requires valid regional genetic and total residual parameters"
"chr22_40545797_42690818","region","h2","GWAS2",NA,4.13558536633253e-05,NA,NA,NA,"","Joint HESS uncertainty requires valid regional genetic and total residual parameters"
"chr22_40545797_42690818","region","cov","GWAS1","GWAS2",3.31365862624554e-05,NA,NA,NA,"","Joint HESS uncertainty requires valid regional genetic and total residual parameters"
"chr22_40545797_42690818","region","rg","GWAS1","GWAS2",0.674933341274013,NA,NA,NA,"","Joint HESS uncertainty requires valid regional genetic and total residual parameters"
"chr22_42690818_43714200","region","h2","GWAS1",NA,3.28678240606338e-05,NA,NA,NA,"","Joint HESS uncertainty requires valid regional genetic and total residual parameters"
"chr22_42690818_43714200","region","h2","GWAS2",NA,-9.70292819888158e-06,NA,NA,NA,"","Joint HESS uncertainty requires valid regional genetic and total residual parameters"
"chr22_42690818_43714200","region","cov","GWAS1","GWAS2",6.83808750556411e-06,NA,NA,NA,"","Joint HESS uncertainty requires valid regional genetic and total residual parameters"
"chr22_42690818_43714200","region","rg","GWAS1","GWAS2",NA,NA,NA,NA,"Genetic correlation requires two positive heritabilities",""
"chr22_43714200_44995308","region","h2","GWAS1",NA,3.91258014196117e-05,NA,NA,NA,"","Joint HESS uncertainty requires valid regional genetic and total residual parameters"
"chr22_43714200_44995308","region","h2","GWAS2",NA,-7.46288483535427e-05,NA,NA,NA,"","Joint HESS uncertainty requires valid regional genetic and total residual parameters"
"chr22_43714200_44995308","region","cov","GWAS1","GWAS2",9.06080877655674e-06,NA,NA,NA,"","Joint HESS uncertainty requires valid regional genetic and total residual parameters"
"chr22_43714200_44995308","region","rg","GWAS1","GWAS2",NA,NA,NA,NA,"Genetic correlation requires two positive heritabilities",""
"chr22_44995308_46470495","region","h2","GWAS1",NA,4.61949597396036e-06,NA,NA,NA,"","Joint HESS uncertainty requires valid regional genetic and total residual parameters"
"chr22_44995308_46470495","region","h2","GWAS2",NA,-9.8066278220138e-05,NA,NA,NA,"","Joint HESS uncertainty requires valid regional genetic and total residual parameters"
"chr22_44995308_46470495","region","cov","GWAS1","GWAS2",1.99651168209252e-05,NA,NA,NA,"","Joint HESS uncertainty requires valid regional genetic and total residual parameters"
"chr22_44995308_46470495","region","rg","GWAS1","GWAS2",NA,NA,NA,NA,"Genetic correlation requires two positive heritabilities",""
"chr22_46470495_47596318","region","h2","GWAS1",NA,2.43554704355916e-05,NA,NA,NA,"","Joint HESS uncertainty requires valid regional genetic and total residual parameters"
"chr22_46470495_47596318","region","h2","GWAS2",NA,-4.79462948716138e-05,NA,NA,NA,"","Joint HESS uncertainty requires valid regional genetic and total residual parameters"
"chr22_46470495_47596318","region","cov","GWAS1","GWAS2",3.72073649406615e-05,NA,NA,NA,"","Joint HESS uncertainty requires valid regional genetic and total residual parameters"
"chr22_46470495_47596318","region","rg","GWAS1","GWAS2",NA,NA,NA,NA,"Genetic correlation requires two positive heritabilities",""
"chr22_47596318_48903703","region","h2","GWAS1",NA,2.35786209009803e-05,NA,NA,NA,"","Joint HESS uncertainty requires valid regional genetic and total residual parameters"
"chr22_47596318_48903703","region","h2","GWAS2",NA,-3.56125386354496e-05,NA,NA,NA,"","Joint HESS uncertainty requires valid regional genetic and total residual parameters"
"chr22_47596318_48903703","region","cov","GWAS1","GWAS2",5.21103163394096e-05,NA,NA,NA,"","Joint HESS uncertainty requires valid regional genetic and total residual parameters"
"chr22_47596318_48903703","region","rg","GWAS1","GWAS2",NA,NA,NA,NA,"Genetic correlation requires two positive heritabilities",""
"chr22_48903703_49824534","region","h2","GWAS1",NA,1.78095611919141e-05,NA,NA,NA,"","Joint HESS uncertainty requires valid regional genetic and total residual parameters"
"chr22_48903703_49824534","region","h2","GWAS2",NA,-1.63409093968394e-05,NA,NA,NA,"","Joint HESS uncertainty requires valid regional genetic and total residual parameters"
"chr22_48903703_49824534","region","cov","GWAS1","GWAS2",6.77483953411443e-05,NA,NA,NA,"","Joint HESS uncertainty requires valid regional genetic and total residual parameters"
"chr22_48903703_49824534","region","rg","GWAS1","GWAS2",NA,NA,NA,NA,"Genetic correlation requires two positive heritabilities",""
"chr22_49824534_51243298","region","h2","GWAS1",NA,9.3125619942281e-05,NA,NA,NA,"","Joint HESS uncertainty requires valid regional genetic and total residual parameters"
"chr22_49824534_51243298","region","h2","GWAS2",NA,-1.62104157392609e-05,NA,NA,NA,"","Joint HESS uncertainty requires valid regional genetic and total residual parameters"
"chr22_49824534_51243298","region","cov","GWAS1","GWAS2",-4.0540096206019e-05,NA,NA,NA,"","Joint HESS uncertainty requires valid regional genetic and total residual parameters"
"chr22_49824534_51243298","region","rg","GWAS1","GWAS2",NA,NA,NA,NA,"Genetic correlation requires two positive heritabilities",""
NA,"total","h2","GWAS1",NA,0.00054822516764955,NA,NA,NA,"","Joint HESS uncertainty requires valid regional genetic and total residual parameters"
NA,"total","h2","GWAS2",NA,-0.00029773952128512,NA,NA,NA,"","Joint HESS uncertainty requires valid regional genetic and total residual parameters"
NA,"total","cov","GWAS1","GWAS2",0.000309702472338714,NA,NA,NA,"","Joint HESS uncertainty requires valid regional genetic and total residual parameters"
NA,"total","rg","GWAS1","GWAS2",NA,NA,NA,NA,"Genetic correlation requires two positive heritabilities",""
