"set","regression_markers","reference_markers","h2_T2D","se_h2_T2D","h2_CAD","se_h2_CAD","covariance","se_covariance","rg","se_rg","rg_reason"
"chr1",554817,554817,0.0325147058273255,0.005642288331692,0.028721987431936,0.00412949751744785,0.0185523215468234,0.00174337034391574,0.607087239386959,0.0872526469016812,""
"chr2",614595,614595,0.0419858761744623,0.00804230144180492,0.0330379977621604,0.00482710538819329,0.0174064601342296,0.00346377032383747,0.467360484399403,0.0852462683399113,""
"chr3",523288,523288,0.041892959151749,0.00633348176467207,0.0213074541935974,0.00501714436368241,0.0194471311986344,0.00170301056294866,0.650907451430996,0.0679204455597147,""
"chr4",531110,531110,0.0263617789159016,0.00550327041972997,0.0133019610358694,0.00377428115747988,0.0120193527134524,0.00224008464222461,0.641853461242372,0.158734741416607,""
"chr5",467310,467310,0.0252375215915015,0.00645180725910424,0.0112940027930713,0.0022687288592366,0.00984845536608233,0.00335701732178629,0.583338746184242,0.169268847361699,""
"chr6",490332,490332,0.0441677463156692,0.0114284891874805,0.0290802277659534,0.00518829309931325,0.0149526610181579,0.0026623826342953,0.417221774734452,0.0690075948128223,""
"chr7",422567,422567,0.0208262372520504,0.00310555223246464,0.0139700216985905,0.00359966052835925,0.0123510740433626,0.00145095765011001,0.724103720891929,0.147582314604034,""
"chr8",404503,404503,0.0290264893360832,0.00739932583234069,0.00727375662062958,0.00344443206665115,0.0175461775373609,0.0020656342491389,1.20755210798818,0.343413662184765,""
"chr9",314250,314250,0.0256932691458238,0.0053094267149045,0.0209074243630775,0.0078455215840592,0.0127400395868869,0.00310858159580432,0.549681128534547,0.112989176561097,""
"chr10",368561,368561,0.04107922907239,0.0203853352219708,0.0207119489189818,0.00511209987469811,0.00932743882842209,0.00291688510897748,0.319772258292952,0.069856449680217,""
"chr11",359042,359042,0.0306593939498547,0.0034068330516918,0.0195703085509121,0.00242943551684771,0.0122671376666071,0.00155521313221195,0.500798039157566,0.079919191447534,""
"chr12",341731,341731,0.0282075096204939,0.00467194687054383,0.0182789558949005,0.00250819865855835,0.0138591255193761,0.00166122854173467,0.610348333580467,0.0787013332815863,""
"chr13",270030,270030,0.0112747863432832,0.00221541868192774,0.00696362454531889,0.00310938771350158,0.0039945096498601,0.000998351468374642,0.450808027167287,0.169309759991676,""
"chr14",237919,237919,0.00948035942836342,0.00321838992126701,0.00767852396658771,0.00218085278798192,0.00871604254760045,0.00183408324484933,1.02156985251837,0.181257453838296,""
"chr15",201923,201923,0.0217057299239436,0.00534266692034444,0.0114670893137101,0.00471962612163732,0.00796558085164403,0.00266112288882832,0.504898005492064,0.13859598820183,""
"chr16",217925,217925,0.0217151083784691,0.0069927495869299,0.00835434788705726,0.00328368844623982,0.00918379786310154,0.0024217414510168,0.68184402271212,0.186320639993641,""
"chr17",180400,180400,0.0174423755815841,0.00402911852495942,0.0146226889395412,0.00390020781969723,0.0123854250016125,0.00260473632175433,0.775522631730206,0.10299340860938,""
"chr18",210606,210606,0.0123840928872136,0.00352969906511855,0.00447145811899154,0.00121070576424541,0.00591442666670757,0.00186456894563136,0.794796538936169,0.439364344587307,""
"chr19",150136,150136,0.00831843462433041,0.0011335057094042,0.0136315293794528,0.00614651693860328,0.00277669708833936,0.000968257575510973,0.260756659664246,0.105823422812852,""
"chr20",164284,164284,0.00775273967970971,0.00331671545620254,0.00944804117728801,0.0015064647899776,0.00469096141359925,0.000709995135097438,0.548104504328731,0.186657663574479,""
"chr21",100115,100115,0.000834584357274794,0.000721185663743357,0.00477269495893859,0.00287625677649526,0.00217498480468886,0.000987799211977589,1.08978109077847,0.733983763905157,""
"chr22",96479,96479,0.00786544453766281,0.00127287352119077,0.00525711169088936,0.00231375398234009,0.00219590068292013,0.000831155053025956,0.341489579086123,0.12943897140996,""
