"scenario","shared_sample_size","phenotypic_correlation","region","component","quantity","trait1","trait2","estimate","standard_error","z","p_value","undefined_reason","uncertainty_reason"
"zero_overlap",0,0,NA,"total","h2","GWAS1",NA,0.0501271552252617,NA,NA,NA,NA,"Joint HESS uncertainty requires valid regional genetic and total residual parameters"
"zero_overlap",0,0,NA,"total","h2","GWAS2",NA,0.006469642356266,NA,NA,NA,NA,"Joint HESS uncertainty requires valid regional genetic and total residual parameters"
"zero_overlap",0,0,NA,"total","cov","GWAS1","GWAS2",0.0298536100865208,NA,NA,NA,NA,"Joint HESS uncertainty requires valid regional genetic and total residual parameters"
"zero_overlap",0,0,NA,"total","rg","GWAS1","GWAS2",1.65775440373628,NA,NA,NA,NA,"HESS correlation delta inference requires positive heritabilities and correlation strictly inside (-1,1)"
"25000_rp_0.1",25000,0.1,NA,"total","h2","GWAS1",NA,0.0501271552252617,NA,NA,NA,NA,"Joint HESS uncertainty requires valid regional genetic and total residual parameters"
"25000_rp_0.1",25000,0.1,NA,"total","h2","GWAS2",NA,0.006469642356266,NA,NA,NA,NA,"Joint HESS uncertainty requires valid regional genetic and total residual parameters"
"25000_rp_0.1",25000,0.1,NA,"total","cov","GWAS1","GWAS2",0.0280628505085433,NA,NA,NA,NA,"Joint HESS uncertainty requires valid regional genetic and total residual parameters"
"25000_rp_0.1",25000,0.1,NA,"total","rg","GWAS1","GWAS2",1.5583145179797,NA,NA,NA,NA,"HESS correlation delta inference requires positive heritabilities and correlation strictly inside (-1,1)"
"50000_rp_0.3",50000,0.3,NA,"total","h2","GWAS1",NA,0.0501271552252617,NA,NA,NA,NA,"Joint HESS uncertainty requires valid regional genetic and total residual parameters"
"50000_rp_0.3",50000,0.3,NA,"total","h2","GWAS2",NA,0.006469642356266,NA,NA,NA,NA,"Joint HESS uncertainty requires valid regional genetic and total residual parameters"
"50000_rp_0.3",50000,0.3,NA,"total","cov","GWAS1","GWAS2",0.0156991876104441,NA,NA,NA,NA,"Joint HESS uncertainty requires valid regional genetic and total residual parameters"
"50000_rp_0.3",50000,0.3,NA,"total","rg","GWAS1","GWAS2",0.871767177264989,NA,NA,NA,NA,"Joint HESS uncertainty requires valid regional genetic and total residual parameters"
