component,quantity,trait1,trait2,estimate,standard_error,z,p_value,undefined_reason,uncertainty_reason
all,h2,GWAS1,NA,0.50642637209514,0.0292474903734166,17.315207753874,3.61216354287539e-67,,
all,intercept,GWAS1,NA,1.01698287054254,0.008544373397058,119.023692350888,0,,
chr1,tau,GWAS1,NA,5.8604379150829e-08,1.01696385144868e-08,5.76268065648021,8.2788350299323e-09,,
chr1,h2,GWAS1,NA,0.0325147058273255,0.005642288331692,5.76268065648021,8.27883502993237e-09,,
chr1,enrichment,GWAS1,NA,0.83573118820633,0.144282258144301,5.79233510034541,6.94144678162223e-09,,
chr2,tau,GWAS1,NA,6.83147050894692e-08,1.30855302138887e-08,5.22062950242257,1.78315962260711e-07,,
chr2,h2,GWAS1,NA,0.0419858761744623,0.00804230144180492,5.22062950242257,1.78315962260711e-07,,
chr2,enrichment,GWAS1,NA,0.974205861125986,0.179197736507421,5.43648530452079,5.4341818851945e-08,,
chr3,tau,GWAS1,NA,8.00571753064259e-08,1.21032428885663e-08,6.61452273936059,3.72752359754493e-11,,
chr3,h2,GWAS1,NA,0.041892959151749,0.00633348176467207,6.61452273936059,3.72752359754496e-11,,
chr3,enrichment,GWAS1,NA,1.1416600467874,0.172648253832655,6.61263593140067,3.77536166383721e-11,,
chr4,tau,GWAS1,NA,4.96352524258658e-08,1.03618279070813e-08,4.79020235338446,1.66613203759817e-06,,
chr4,h2,GWAS1,NA,0.0263617789159016,0.00550327041972997,4.79020235338446,1.66613203759817e-06,,
chr4,enrichment,GWAS1,NA,0.70782643017221,0.146983731056336,4.81567874951355,1.46700373963844e-06,,
chr5,tau,GWAS1,NA,5.40059523474813e-08,1.3806268342437e-08,3.91169800614989,9.16494708019945e-05,,
chr5,h2,GWAS1,NA,0.0252375215915015,0.00645180725910424,3.91169800614989,9.1649470801994e-05,,
chr5,enrichment,GWAS1,NA,0.770155052908475,0.193174051022744,3.98684527673854,6.69576591272844e-05,,
chr6,tau,GWAS1,NA,9.00772258707756e-08,2.33076551958275e-08,3.86470561341156,0.000111223263218158,,
chr6,h2,GWAS1,NA,0.0441677463156692,0.0114284891874805,3.86470561341156,0.000111223263218157,,
chr6,enrichment,GWAS1,NA,1.28455156590885,0.310509420526483,4.13691656675289,3.52004026811485e-05,,
chr7,tau,GWAS1,NA,4.92850536176521e-08,7.34925404128728e-09,6.70613008351245,1.99853579347939e-11,,
chr7,h2,GWAS1,NA,0.0208262372520504,0.00310555223246464,6.70613008351245,1.99853579347939e-11,,
chr7,enrichment,GWAS1,NA,0.702832399515496,0.107970055583787,6.50951225055251,7.5395207048726e-11,,
chr8,tau,GWAS1,NA,7.1758403117117e-08,1.82923880226863e-08,3.92285594576946,8.75054761917977e-05,,
chr8,h2,GWAS1,NA,0.0290264893360832,0.00739932583234069,3.92285594576945,8.75054761917982e-05,,
chr8,enrichment,GWAS1,NA,1.0233149189502,0.252061399651433,4.05978432384055,4.9118064554992e-05,,
chr9,tau,GWAS1,NA,8.17606018960183e-08,1.6895550405424e-08,4.83917954337672,1.30376226911611e-06,,
chr9,h2,GWAS1,NA,0.0256932691458238,0.0053094267149045,4.83917954337673,1.30376226911609e-06,,
chr9,enrichment,GWAS1,NA,1.16595186163759,0.243424495650734,4.78978854827535,1.66957155436054e-06,,
chr10,tau,GWAS1,NA,1.1145842634568e-07,5.53106140421009e-08,2.01513630387181,0.043890369280816,,
chr10,h2,GWAS1,NA,0.04107922907239,0.0203853352219708,2.01513630387181,0.043890369280816,,
chr10,enrichment,GWAS1,NA,1.58945943008365,0.766534303344631,2.07356594890579,0.0381196403520745,,
chr11,tau,GWAS1,NA,8.53922213831661e-08,9.48867556356027e-09,8.99938255989079,2.26990643638948e-19,,
chr11,h2,GWAS1,NA,0.0306593939498547,0.0034068330516918,8.99938255989079,2.26990643638948e-19,,
chr11,enrichment,GWAS1,NA,1.21774078446358,0.147574509844049,8.25170136597736,1.56155242497797e-16,,
chr12,tau,GWAS1,NA,8.25430224957463e-08,1.36714166129026e-08,6.03763493081214,1.56389379398497e-09,,
chr12,h2,GWAS1,NA,0.0282075096204939,0.00467194687054383,6.03763493081213,1.56389379398499e-09,,
chr12,enrichment,GWAS1,NA,1.17710961651807,0.192697294400599,6.10859441581453,1.00512392839205e-09,,
chr13,tau,GWAS1,NA,4.17538286237945e-08,8.20434278386749e-09,5.08923502146895,3.59510828029928e-07,,
chr13,h2,GWAS1,NA,0.0112747863432832,0.00221541868192774,5.08923502146895,3.59510828029924e-07,,
chr13,enrichment,GWAS1,NA,0.59543292350421,0.119523883136223,4.98170665042388,6.30259293876268e-07,,
chr14,tau,GWAS1,NA,3.98470043517475e-08,1.35272505401713e-08,2.94568391658124,0.00322241510351009,,
chr14,h2,GWAS1,NA,0.00948035942836342,0.00321838992126701,2.94568391658124,0.00322241510351009,,
chr14,enrichment,GWAS1,NA,0.568240544066539,0.193898677031475,2.93060557589209,0.00338302015872128,,
chr15,tau,GWAS1,NA,1.07495084383372e-07,2.64589319708227e-08,4.06271441726789,4.85053581754137e-05,,
chr15,h2,GWAS1,NA,0.0217057299239436,0.00534266692034444,4.06271441726789,4.85053581754141e-05,,
chr15,enrichment,GWAS1,NA,1.53293995943278,0.374061507469539,4.09809597839364,4.16562560860126e-05,,
chr16,tau,GWAS1,NA,9.96448703841647e-08,3.20878723732013e-08,3.10537480407659,0.00190038050859247,,
chr16,h2,GWAS1,NA,0.0217151083784691,0.0069927495869299,3.10537480407659,0.00190038050859246,,
chr16,enrichment,GWAS1,NA,1.42099152199014,0.44471194677266,3.19530773189811,0.00139681817112435,,
chr17,tau,GWAS1,NA,9.66872260619962e-08,2.23343598944535e-08,4.32907979091029,1.4973368033875e-05,,
chr17,h2,GWAS1,NA,0.0174423755815841,0.00402911852495942,4.3290797909103,1.49733680338749e-05,,
chr17,enrichment,GWAS1,NA,1.37881386155804,0.31779638700533,4.33867066441797,1.43347145142397e-05,,
chr18,tau,GWAS1,NA,5.88021845873981e-08,1.67597270026426e-08,3.50854071657172,0.000450572259546971,,
chr18,h2,GWAS1,NA,0.0123840928872136,0.00352969906511855,3.50854071657172,0.000450572259546973,,
chr18,enrichment,GWAS1,NA,0.838552004243168,0.239721313842633,3.49802856826341,0.000468710922919307,,
chr19,tau,GWAS1,NA,5.54059960591091e-08,7.54985952339348e-09,7.33867906911802,2.1571216304771e-13,,
chr19,h2,GWAS1,NA,0.00831843462433041,0.0011335057094042,7.33867906911802,2.1571216304772e-13,,
chr19,enrichment,GWAS1,NA,0.790120458422765,0.11347805174049,6.96276016642999,3.33669604449396e-12,,
chr20,tau,GWAS1,NA,4.71910817834343e-08,2.01889134438079e-08,2.33747506594556,0.0194144959487623,,
chr20,h2,GWAS1,NA,0.00775273967970971,0.00331671545620254,2.33747506594556,0.0194144959487623,,
chr20,enrichment,GWAS1,NA,0.672971191284325,0.286144040193456,2.35186163873741,0.0186797217814562,,
chr21,tau,GWAS1,NA,8.336256877339e-09,7.20357252902519e-09,1.15723925090639,0.247174625463722,,
chr21,h2,GWAS1,NA,0.000834584357274794,0.000721185663743357,1.15723925090639,0.247174625463722,,
chr21,enrichment,GWAS1,NA,0.118879680430727,0.10288066541739,1.15551041537716,0.247881469942566,,
chr22,tau,GWAS1,NA,8.15249384597975e-08,1.31932702576807e-08,6.17928207847758,6.43937520355559e-10,,
chr22,h2,GWAS1,NA,0.00786544453766281,0.00127287352119077,6.17928207847758,6.43937520355548e-10,,
chr22,enrichment,GWAS1,NA,1.16259116937494,0.196900661055552,5.90445538954759,3.53813592110543e-09,,
all,h2,GWAS2,NA,0.324123157007455,0.0208874881422496,15.5175746743738,2.63836102528127e-54,,
all,intercept,GWAS2,NA,0.882434042577215,0.00412584592705326,213.879543293431,0,,
chr1,tau,GWAS2,NA,5.17683982861664e-08,7.44299024263468e-09,6.95532260537282,3.51756152480901e-12,,
chr1,h2,GWAS2,NA,0.028721987431936,0.00412949751744785,6.95532260537283,3.51756152480895e-12,,
chr1,enrichment,GWAS2,NA,1.15347323439598,0.165681667260281,6.96198471122282,3.3551192475595e-12,,
chr2,tau,GWAS2,NA,5.37557216738834e-08,7.85412407877267e-09,6.84426692712544,7.68684756431311e-12,,
chr2,h2,GWAS2,NA,0.0330379977621604,0.00482710538819329,6.84426692712544,7.68684756431305e-12,,
chr2,enrichment,GWAS2,NA,1.19775361415873,0.165272165096939,7.24715873030523,4.25605091185048e-13,,
chr3,tau,GWAS2,NA,4.07184078243671e-08,9.58773058752047e-09,4.24692866082061,2.1672092748931e-05,,
chr3,h2,GWAS2,NA,0.0213074541935974,0.00501714436368241,4.24692866082061,2.1672092748931e-05,,
chr3,enrichment,GWAS2,NA,0.907263796592642,0.205491726072117,4.41508674794155,1.00969492327424e-05,,
chr4,tau,GWAS2,NA,2.50455857277577e-08,7.10640198354366e-09,3.52436940462359,0.000424492005765989,,
chr4,h2,GWAS2,NA,0.0133019610358694,0.00377428115747988,3.52436940462359,0.000424492005765993,,
chr4,enrichment,GWAS2,NA,0.558051122560196,0.154978581336992,3.60082740302512,0.000317206107977721,,
chr5,tau,GWAS2,NA,2.41681170808913e-08,4.85486905744923e-09,4.97811924377407,6.42050983883633e-07,,
chr5,h2,GWAS2,NA,0.0112940027930713,0.0022687288592366,4.97811924377407,6.42050983883631e-07,,
chr5,enrichment,GWAS2,NA,0.538499878332256,0.107307461564297,5.01828922688285,5.21336488860371e-07,,
chr6,tau,GWAS2,NA,5.93072199366009e-08,1.05811839719073e-08,5.6049701143142,2.0829090090081e-08,,
chr6,h2,GWAS2,NA,0.0290802277659534,0.00518829309931325,5.60497011431421,2.08290900900808e-08,,
chr6,enrichment,GWAS2,NA,1.32144885814606,0.227779919175937,5.80142825112415,6.57524309622987e-09,,
chr7,tau,GWAS2,NA,3.30598974803771e-08,8.51855570444271e-09,3.88092754539777,0.000104058840887459,,
chr7,h2,GWAS2,NA,0.0139700216985905,0.00359966052835925,3.88092754539777,0.000104058840887459,,
chr7,enrichment,GWAS2,NA,0.736621339232746,0.184652347469252,3.98923354795372,6.62871325542727e-05,,
chr8,tau,GWAS2,NA,1.79819596409163e-08,8.51522007661537e-09,2.11174338174755,0.0347084659075925,,
chr8,h2,GWAS2,NA,0.00727375662062958,0.00344443206665115,2.11174338174755,0.0347084659075925,,
chr8,enrichment,GWAS2,NA,0.400663528995611,0.188184500548661,2.12909951578083,0.0332460278304302,,
chr9,tau,GWAS2,NA,6.65311833351711e-08,2.49658602515806e-08,2.66488647556052,0.00770143163830008,,
chr9,h2,GWAS2,NA,0.0209074243630775,0.0078455215840592,2.66488647556052,0.00770143163830012,,
chr9,enrichment,GWAS2,NA,1.48240899410479,0.535982420713593,2.76577913158261,0.00567869820997359,,
chr10,tau,GWAS2,NA,5.61968003098043e-08,1.38704308776515e-08,4.05155404367073,5.08785706470874e-05,,
chr10,h2,GWAS2,NA,0.0207119489189818,0.00511209987469811,4.05155404367073,5.08785706470878e-05,,
chr10,enrichment,GWAS2,NA,1.25214430351377,0.297744564360643,4.20543127698246,2.60584764001873e-05,,
chr11,tau,GWAS2,NA,5.45070174266856e-08,6.766438235214e-09,8.05549619045059,7.91570348406688e-16,,
chr11,h2,GWAS2,NA,0.0195703085509121,0.00242943551684771,8.05549619045059,7.91570348406704e-16,,
chr11,enrichment,GWAS2,NA,1.21449354760582,0.155074582720053,7.83167380690795,4.81417230720357e-15,,
chr12,tau,GWAS2,NA,5.34893114610628e-08,7.33968723515969e-09,7.2876826692056,3.15331609688047e-13,,
chr12,h2,GWAS2,NA,0.0182789558949005,0.00250819865855835,7.2876826692056,3.15331609688032e-13,,
chr12,enrichment,GWAS2,NA,1.19181761729517,0.167165648266384,7.12956058649062,1.00689850752453e-12,,
chr13,tau,GWAS2,NA,2.57883366489608e-08,1.15149713494855e-08,2.23954848572967,0.0251202502454458,,
chr13,h2,GWAS2,NA,0.00696362454531889,0.00310938771350158,2.23954848572967,0.0251202502454459,,
chr13,enrichment,GWAS2,NA,0.574600665057046,0.253197575288121,2.26937664945326,0.0232454309327774,,
chr14,tau,GWAS2,NA,3.22736896447434e-08,9.16636665412143e-09,3.52088137672655,0.000430114983628505,,
chr14,h2,GWAS2,NA,0.00767852396658771,0.00218085278798192,3.52088137672655,0.000430114983628504,,
chr14,enrichment,GWAS2,NA,0.719103515133519,0.201713859061625,3.56496830945973,0.000363900154944036,,
chr15,tau,GWAS2,NA,5.67894163305324e-08,2.33733954113069e-08,2.42966053203637,0.0151129705131302,,
chr15,h2,GWAS2,NA,0.0114670893137101,0.00471962612163732,2.42966053203637,0.0151129705131302,,
chr15,enrichment,GWAS2,NA,1.26534862778908,0.506361349110415,2.49890444839849,0.0124577896023841,,
chr16,tau,GWAS2,NA,3.83358856811163e-08,1.50679749741417e-08,2.54419626704351,0.0109529522133131,,
chr16,h2,GWAS2,NA,0.00835434788705726,0.00328368844623982,2.54419626704351,0.0109529522133131,,
chr16,enrichment,GWAS2,NA,0.854177828828985,0.329699396156114,2.59077765621545,0.00957593386671278,,
chr17,tau,GWAS2,NA,8.10570340329336e-08,2.16197772710489e-08,3.74920763598602,0.000177394169578475,,
chr17,h2,GWAS2,NA,0.0146226889395412,0.00390020781969723,3.74920763598602,0.000177394169578475,,
chr17,enrichment,GWAS2,NA,1.80606552089323,0.470298007563354,3.84025764908206,0.000122905251609436,,
chr18,tau,GWAS2,NA,2.12313899841008e-08,5.74867650610813e-09,3.69326573891258,0.000221392457521943,,
chr18,h2,GWAS2,NA,0.00447145811899154,0.00121070576424541,3.69326573891258,0.000221392457521943,,
chr18,enrichment,GWAS2,NA,0.473065439272581,0.125724260550113,3.76272198541998,0.000168074008787407,,
chr19,tau,GWAS2,NA,9.07945421448072e-08,4.09396609647472e-08,2.21776487653353,0.0265708681278734,,
chr19,h2,GWAS2,NA,0.0136315293794528,0.00614651693860328,2.21776487653353,0.0265708681278734,,
chr19,enrichment,GWAS2,NA,2.02303099304617,0.876710385694539,2.30752484065021,0.0210255790605417,,
chr20,tau,GWAS2,NA,5.75104159704415e-08,9.16988136384309e-09,6.27166412394444,3.57209495327636e-10,,
chr20,h2,GWAS2,NA,0.00944804117728801,0.0015064647899776,6.27166412394445,3.57209495327633e-10,,
chr20,enrichment,GWAS2,NA,1.28141352093194,0.207936793615323,6.16251457307029,7.15987392921349e-10,,
chr21,tau,GWAS2,NA,4.76721266437456e-08,2.87295288068247e-08,1.65934244742716,0.0970468063960611,,
chr21,h2,GWAS2,NA,0.00477269495893859,0.00287625677649526,1.65934244742716,0.097046806396061,,
chr21,enrichment,GWAS2,NA,1.06220250057437,0.631653431872441,1.68162230580405,0.0926421024333688,,
chr22,tau,GWAS2,NA,5.44896992183725e-08,2.39819440742554e-08,2.27211351380254,0.0230796550988614,,
chr22,h2,GWAS2,NA,0.00525711169088936,0.00231375398234009,2.27211351380254,0.0230796550988614,,
chr22,enrichment,GWAS2,NA,1.21410767339649,0.526737547047915,2.30495752619292,0.0211689523017988,,
all,cov,GWAS1,GWAS2,0.230315701729469,0.00988439640582177,23.3009373838768,4.33729677647858e-120,,
all,rg,GWAS1,GWAS2,0.568473677538072,0.0260220167230015,21.8458731922797,8.50831734969858e-106,,
all,cross_trait_intercept,GWAS1,GWAS2,0,NA,NA,NA,,cross-trait intercept was fixed
chr1,tau_cov,GWAS1,GWAS2,3.34386321017982e-08,3.14224391811307e-09,10.6416411243715,1.90739786660902e-26,,
chr1,cov,GWAS1,GWAS2,0.0185523215468234,0.00174337034391574,10.6416411243715,1.90739786660969e-26,,
chr1,rg,GWAS1,GWAS2,0.607087239386959,0.0872526469016812,6.95780885674497,3.45605675757441e-12,,
chr2,tau_cov,GWAS1,GWAS2,2.83218381767336e-08,5.63585828690029e-09,5.02529281876436,5.02664970018287e-07,,
chr2,cov,GWAS1,GWAS2,0.0174064601342296,0.00346377032383747,5.02529281876438,5.02664970018233e-07,,
chr2,rg,GWAS1,GWAS2,0.467360484399403,0.0852462683399113,5.4824744062209,4.19417693213081e-08,,
chr3,tau_cov,GWAS1,GWAS2,3.71633425544526e-08,3.25444222483348e-09,11.4192663402879,3.3505034470815e-30,,
chr3,cov,GWAS1,GWAS2,0.0194471311986344,0.00170301056294866,11.4192663402879,3.35050344707995e-30,,
chr3,rg,GWAS1,GWAS2,0.650907451430996,0.0679204455597147,9.58338017465929,9.3919766560345e-22,,
chr4,tau_cov,GWAS1,GWAS2,2.26306277672278e-08,4.2177414136895e-09,5.36557971377186,8.06896336933689e-08,,
chr4,cov,GWAS1,GWAS2,0.0120193527134524,0.00224008464222461,5.36557971377191,8.06896336933484e-08,,
chr4,rg,GWAS1,GWAS2,0.641853461242372,0.158734741416607,4.04356006450911,5.26456612821402e-05,,
chr5,tau_cov,GWAS1,GWAS2,2.10747798379712e-08,7.18370529581279e-09,2.93369215051948,0.00334956251054691,,
chr5,cov,GWAS1,GWAS2,0.00984845536608233,0.00335701732178629,2.93369215051947,0.00334956251054708,,
chr5,rg,GWAS1,GWAS2,0.583338746184242,0.169268847361699,3.4462262564933,0.000568474184320345,,
chr6,tau_cov,GWAS1,GWAS2,3.04949728309756e-08,5.42975501149287e-09,5.61627048852638,1.95123130311132e-08,,
chr6,cov,GWAS1,GWAS2,0.0149526610181579,0.0026623826342953,5.61627048852642,1.95123130311087e-08,,
chr6,rg,GWAS1,GWAS2,0.417221774734452,0.0690075948128223,6.0460269027798,1.48461316843137e-09,,
chr7,tau_cov,GWAS1,GWAS2,2.92286762652138e-08,3.43367477846118e-09,8.51236012465709,1.70428292824474e-17,,
chr7,cov,GWAS1,GWAS2,0.0123510740433626,0.00145095765011001,8.51236012465706,1.70428292824518e-17,,
chr7,rg,GWAS1,GWAS2,0.724103720891929,0.147582314604034,4.90643965596223,9.27445051352759e-07,,
chr8,tau_cov,GWAS1,GWAS2,4.33771258491554e-08,5.10659809479512e-09,8.49432930572063,1.99079129875999e-17,,
chr8,cov,GWAS1,GWAS2,0.0175461775373609,0.0020656342491389,8.49432930572067,1.99079129875936e-17,,
chr8,rg,GWAS1,GWAS2,1.20755210798818,0.343413662184765,3.51631935755221,0.000437574308051842,,
chr9,tau_cov,GWAS1,GWAS2,4.05410965374284e-08,9.89206553955232e-09,4.09834491849345,4.16114891044228e-05,,
chr9,cov,GWAS1,GWAS2,0.0127400395868869,0.00310858159580432,4.09834491849344,4.16114891044238e-05,,
chr9,rg,GWAS1,GWAS2,0.549681128534547,0.112989176561097,4.86490073885365,1.145142631928e-06,,
chr10,tau_cov,GWAS1,GWAS2,2.53077206444037e-08,7.91425329586544e-09,3.19773953376309,0.00138509324491594,,
chr10,cov,GWAS1,GWAS2,0.00932743882842209,0.00291688510897748,3.19773953376307,0.00138509324491603,,
chr10,rg,GWAS1,GWAS2,0.319772258292952,0.069856449680217,4.57756241201462,4.70425460217822e-06,,
chr11,tau_cov,GWAS1,GWAS2,3.41663027350757e-08,4.33156324945813e-09,7.88775339696353,3.07674977906353e-15,,
chr11,cov,GWAS1,GWAS2,0.0122671376666071,0.00155521313221195,7.88775339696352,3.07674977906381e-15,,
chr11,rg,GWAS1,GWAS2,0.500798039157566,0.079919191447534,6.26630512755293,3.69715550148843e-10,,
chr12,tau_cov,GWAS1,GWAS2,4.05556578694238e-08,4.86121698568367e-09,8.34269648708556,7.26153716492846e-17,,
chr12,cov,GWAS1,GWAS2,0.0138591255193761,0.00166122854173467,8.34269648708555,7.26153716492908e-17,,
chr12,rg,GWAS1,GWAS2,0.610348333580467,0.0787013332815863,7.75524769569908,8.81712099950089e-15,,
chr13,tau_cov,GWAS1,GWAS2,1.4792836536163e-08,3.6971872324358e-09,4.00110559897642,6.30472119905786e-05,,
chr13,cov,GWAS1,GWAS2,0.0039945096498601,0.000998351468374642,4.00110559897641,6.30472119905811e-05,,
chr13,rg,GWAS1,GWAS2,0.450808027167287,0.169309759991676,2.66262279971013,0.00775342732762294,,
chr14,tau_cov,GWAS1,GWAS2,3.66344955535306e-08,7.70885572337364e-09,4.75226114849354,2.01154328800759e-06,,
chr14,cov,GWAS1,GWAS2,0.00871604254760045,0.00183408324484933,4.75226114849355,2.01154328800754e-06,,
chr14,rg,GWAS1,GWAS2,1.02156985251837,0.181257453838296,5.63601568313839,1.74029537518175e-08,,
chr15,tau_cov,GWAS1,GWAS2,3.94486059123727e-08,1.31788993271114e-08,2.99331567327627,0.00275964149965707,,
chr15,cov,GWAS1,GWAS2,0.00796558085164403,0.00266112288882832,2.99331567327627,0.00275964149965708,,
chr15,rg,GWAS1,GWAS2,0.504898005492064,0.13859598820183,3.64294819816003,0.000269533096673793,,
chr16,tau_cov,GWAS1,GWAS2,4.21420115319561e-08,1.1112728925166e-08,3.79222887697016,0.000149301213446922,,
chr16,cov,GWAS1,GWAS2,0.00918379786310154,0.0024217414510168,3.79222887697017,0.000149301213446921,,
chr16,rg,GWAS1,GWAS2,0.68184402271212,0.186320639993641,3.6595195397321,0.000252688575898615,,
chr17,tau_cov,GWAS1,GWAS2,6.86553492328851e-08,1.44386714066205e-08,4.75496306408116,1.98482701797111e-06,,
chr17,cov,GWAS1,GWAS2,0.0123854250016125,0.00260473632175433,4.75496306408116,1.98482701797111e-06,,
chr17,rg,GWAS1,GWAS2,0.775522631730206,0.10299340860938,7.5298278035588,5.08072807606271e-14,,
chr18,tau_cov,GWAS1,GWAS2,2.80828972902366e-08,8.85335149820687e-09,3.17200749297308,0.00151389100900848,,
chr18,cov,GWAS1,GWAS2,0.00591442666670757,0.00186456894563136,3.17200749297308,0.00151389100900848,,
chr18,rg,GWAS1,GWAS2,0.794796538936169,0.439364344587307,1.80896913627053,0.0704557983738743,,
chr19,tau_cov,GWAS1,GWAS2,1.84945455343113e-08,6.44920322581508e-09,2.86772565334594,0.00413433862798509,,
chr19,cov,GWAS1,GWAS2,0.00277669708833936,0.000968257575510973,2.86772565334594,0.00413433862798511,,
chr19,rg,GWAS1,GWAS2,0.260756659664246,0.105823422812852,2.46407319602006,0.0137368055601241,,
chr20,tau_cov,GWAS1,GWAS2,2.8553976124268e-08,4.32175461455429e-09,6.60703317770688,3.92098192676863e-11,,
chr20,cov,GWAS1,GWAS2,0.00469096141359925,0.000709995135097438,6.60703317770688,3.9209819267686e-11,,
chr20,rg,GWAS1,GWAS2,0.548104504328731,0.186657663574479,2.93641575616331,0.0033202899074069,,
chr21,tau_cov,GWAS1,GWAS2,2.17248644527679e-08,9.8666454774768e-09,2.20184909880067,0.0276759695316589,,
chr21,cov,GWAS1,GWAS2,0.00217498480468886,0.000987799211977589,2.20184909880067,0.0276759695316589,,
chr21,rg,GWAS1,GWAS2,1.08978109077847,0.733983763905157,1.48474822519274,0.137610531657486,,
chr22,tau_cov,GWAS1,GWAS2,2.27604005319305e-08,8.61488047166695e-09,2.64198680489951,0.00824212668458417,,
chr22,cov,GWAS1,GWAS2,0.00219590068292013,0.000831155053025956,2.64198680489951,0.00824212668458417,,
chr22,rg,GWAS1,GWAS2,0.341489579086123,0.12943897140996,2.6382284667927,0.00833404130824032,,
