"region","markers","solver_dimension","retained_components","matrix_space","numerical_rank","retained_eigenvalue_fraction","workspace_bytes","decode","product","eigen","projection"
"chr22_16050408_17674295",1568,503,50,"samples",502,0.848264492906982,36982448,0.0382496,0.0384464,0.1531853,0.0008376
"chr22_17674295_18296088",1902,503,50,"samples",502,0.75550167032997,39681168,0.0219747,0.0353775,0.1604415,0.0011769
"chr22_18296088_19912358",4391,503,50,"samples",502,0.693800592495736,59792288,0.0685951,0.0880661,0.1357297,0.0022696
"chr22_19912358_22357325",4138,503,50,"samples",502,0.732227318486454,57748048,0.059453,0.0970138,0.1476461,0.0046774
"chr22_22357325_23712647",3529,503,50,"samples",502,0.758688269433733,52827328,0.059317,0.0995194,0.1663788,0.0024575
"chr22_23712647_24984204",3112,503,50,"samples",502,0.810529055536961,49457968,0.0451991,0.0939569,0.1505786,0.0021404
"chr22_24984204_26791628",5437,503,50,"samples",502,0.604855666159328,68243968,0.1249742,0.139046,0.1422883,0.0028917
"chr22_26791628_27834752",3883,503,50,"samples",502,0.584352616051131,55687648,0.0443773,0.0703949,0.1305333,0.0017263
"chr22_27834752_29651799",4285,503,50,"samples",502,0.737647873929114,58935808,0.0506519,0.0758179,0.139463,0.001822
"chr22_29651799_31439918",4363,503,50,"samples",502,0.798908191646656,59566048,0.0496253,0.0792474,0.1281215,0.0027751
"chr22_31439918_32664986",3321,503,50,"samples",502,0.89986360601377,51146688,0.0503874,0.0586482,0.1197096,0.0015187
"chr22_32664986_34494914",6241,503,50,"samples",502,0.610299077656145,74740288,0.0832478,0.1144958,0.1248056,0.0025274
"chr22_34494914_35530985",3618,503,50,"samples",502,0.84011216136845,53546448,0.0429098,0.0656867,0.1204734,0.0026323
"chr22_35530985_37570269",5779,503,50,"samples",502,0.60738062015518,71007328,0.0674131,0.1090748,0.1360718,0.0025647
"chr22_37570269_39307894",4074,503,50,"samples",502,0.726127715359055,57230928,0.050896,0.1032027,0.1262652,0.0017641
"chr22_39307894_40545797",2526,503,50,"samples",502,0.784974430920597,44723088,0.0326474,0.0471918,0.1276686,0.0012169
"chr22_40545797_42690818",4043,503,50,"samples",502,0.882790814362259,56980448,0.0483159,0.0776568,0.1210822,0.0023108
"chr22_42690818_43714200",3410,503,50,"samples",502,0.782877286658887,51865808,0.0377885,0.060275,0.1243542,0.0015076
"chr22_43714200_44995308",4627,503,50,"samples",502,0.659882082667456,61699168,0.052285,0.083436,0.1269151,0.0029194
"chr22_44995308_46470495",5160,503,50,"samples",502,0.617190355885536,66005808,0.0585999,0.09752,0.133647,0.0032629
"chr22_46470495_47596318",3629,503,50,"samples",502,0.742566692841086,53635328,0.0480343,0.0785904,0.1267198,0.0017695
"chr22_47596318_48903703",4453,503,50,"samples",502,0.613027226381803,60293248,0.0509491,0.0848838,0.1347418,0.0018464
"chr22_48903703_49824534",4814,503,50,"samples",502,0.625033672969893,63210128,0.0605815,0.1036473,0.1285039,0.0020588
"chr22_49824534_51243298",4176,503,50,"samples",502,0.755975982799382,58055088,0.0515263,0.0863662,0.1254191,0.0021804
