fit,batch,parameter,estimated,status,draws,mean,sd,median,lower,upper,hpd_lower,hpd_upper,diagnostic_status,rhat,ess_bulk,mcse_mean
corrected_polygenic_bayesr_scheduled,1,residual_variance,TRUE,available,200,0.490812259143942,0.0294853414438354,0.487364138198944,0.442737295884229,0.555220847125606,0.441970179066359,0.551266843221363,available,1.08891408434765,15.226083411239,0.00786210232804756
corrected_polygenic_bayesr_scheduled,1,effect_variance,TRUE,available,200,0.0128270664784302,0.00400643053040719,0.0123852492233363,0.00679809821540885,0.023202280866916,0.00666782022083389,0.0216396931899343,available,1.15847895211732,9.77184273794596,0.00126318808077322
corrected_polygenic_bayesr_scheduled,1,active_markers,TRUE,available,200,630.215,223.976036889,662,178.025,1061.65833333333,144,996,available,1.362409524845,4.88059028957199,101.912292206539
corrected_polygenic_bayesr_scheduled,1,weight_0,TRUE,available,200,0.983332619439556,0.00590937194689856,0.982749000194231,0.9720248619867,0.995369208337589,0.973373807020424,0.996121273135194,available,1.34575949673362,5.01602099933384,0.00265078215141582
corrected_polygenic_bayesr_scheduled,1,weight_1,TRUE,available,200,0.012730336401056,0.00589348682996362,0.0130917492325717,0.00111146232812662,0.0243303867339532,0.000722492547654153,0.0231061733220289,available,1.36957488107497,4.79993394407284,0.00269745929243528
corrected_polygenic_bayesr_scheduled,1,weight_2,TRUE,available,200,0.00329388485309024,0.0011682095871972,0.00320196501169238,0.00139581803768324,0.00592396089015544,0.00124741773360419,0.00547291798833039,available,1.13432508235132,17.4174462047412,0.000292039933355823
corrected_polygenic_bayesr_scheduled,1,weight_3,TRUE,available,200,0.000643159306298014,0.000300330164723258,0.000594386798989482,0.000194618417055506,0.00127387628330385,0.0001451768306153,0.00118289283255803,available,1.04568845158235,39.1042742619121,5.15379667500471e-05
corrected_polygenic_bayesr_scheduled,1,genetic_variance,TRUE,available,1000,0.509235608573896,0.030669366624869,0.512012788307177,0.447593028895111,0.562842297448831,0.447401349497924,0.562443014918829,available,1.10350943833764,14.687399049274,0.00808159735168259
corrected_polygenic_bayesr_scheduled,1,vle,TRUE,available,1000,0.519023489853712,0.0318377429580468,0.521920782181971,0.455853564891401,0.578595799975322,0.455779081456116,0.577250756649062,available,1.09181650076026,17.3446543648181,0.00767698732650185
corrected_polygenic_bayesr_scheduled,1,vld,TRUE,available,1000,-0.00978788127981631,0.00781794771998467,-0.00976691356705151,-0.0257584641227003,0.00538224776658906,-0.0244982152533944,0.00599243309794495,available,1.00035737939236,559.33333582584,0.00032720229195581
corrected_polygenic_bayesr_scheduled,1,h2,TRUE,available,1000,0.509723438711971,0.0284073126007858,0.513656751203333,0.448207853132913,0.556481938333698,0.451516598209245,0.559166207787104,available,1.12126881095872,12.6317624240139,0.007966172029934
corrected_polygenic_bayesr_scheduled,2,residual_variance,TRUE,available,200,0.465649173692956,0.0341105365902848,0.469476141538328,0.38551291004094,0.527924912636074,0.397891376511566,0.531839415681032,available,1.13003160069728,13.3294574947832,0.0100183708150702
corrected_polygenic_bayesr_scheduled,2,effect_variance,TRUE,available,200,0.0132004596244168,0.00417773718181369,0.0121933294044334,0.00734995972375356,0.0251986609255662,0.00637070374200137,0.0217645803222397,available,1.12315251781556,16.1041769477501,0.00106261643662719
corrected_polygenic_bayesr_scheduled,2,active_markers,TRUE,available,200,854.93,274.815909328591,776.5,458.416666666667,1522.79166666667,438,1362,available,1.25766681388185,6.11029511052647,115.910261450665
corrected_polygenic_bayesr_scheduled,2,weight_0,TRUE,available,200,0.977422901235871,0.00725011698308456,0.979438985196145,0.960071956914629,0.987829473368959,0.964069886352328,0.988621120055141,available,1.25295459328149,6.25367112894779,0.0030640748696751
corrected_polygenic_bayesr_scheduled,2,weight_1,TRUE,available,200,0.0191102061074875,0.00760464022873988,0.0164971695726841,0.00931350321929036,0.038038702736415,0.00865160206578076,0.033713741499629,available,1.22159583785066,6.88359539739099,0.00314349006854537
corrected_polygenic_bayesr_scheduled,2,weight_2,TRUE,available,200,0.00278917481366495,0.00109397716250255,0.00279346437097111,0.000706408609582033,0.00486333849716198,0.000407763180146059,0.00447450388346788,available,1.0501889208832,19.9440763134711,0.000242925153822209
corrected_polygenic_bayesr_scheduled,2,weight_3,TRUE,available,200,0.000677717842976805,0.000325386517105354,0.000606247737980719,0.000207961211271311,0.0015983962413259,0.00017017533816913,0.00136691151423246,available,1.05440139505965,28.9127137552858,6.16342724332753e-05
corrected_polygenic_bayesr_scheduled,2,genetic_variance,TRUE,available,1000,0.532601554626964,0.0362304025082416,0.528257024532516,0.469128380072301,0.612945963901838,0.473466522298283,0.615636530566832,available,1.11710179478348,14.4723750102645,0.0101866024486351
corrected_polygenic_bayesr_scheduled,2,vle,TRUE,available,1000,0.542635391461641,0.0382987296812064,0.538672506164258,0.474271924548942,0.624719663782199,0.473928267236851,0.622459487493676,available,1.11343947392567,15.2230736760552,0.0103958565970749
corrected_polygenic_bayesr_scheduled,2,vld,TRUE,available,1000,-0.0100338368346779,0.00874417187041271,-0.0101039840126702,-0.0271024972450687,0.00674941340140115,-0.0254410381640098,0.00784532892287582,available,1.0015746579366,523.543691323695,0.000383126860897433
corrected_polygenic_bayesr_scheduled,2,h2,TRUE,available,1000,0.533667037536244,0.0338403276809245,0.528533686181326,0.476354943823429,0.609700458839732,0.477473681953438,0.610197888722475,available,1.13859053626147,12.6695279953672,0.0102922130536745
polygenic_bayesc_scheduled,1,residual_variance,TRUE,available,200,0.585248946556608,0.0162036184267275,0.583979598142843,0.55560840873644,0.615231619035833,0.556551137497973,0.615337484154535,available,1.04031976651592,60.9015444156235,0.00210314119754953
polygenic_bayesc_scheduled,1,effect_variance,TRUE,available,200,0.00679343295982236,0.00154999786271482,0.00654112143884351,0.00418982916742191,0.00995950987837754,0.00394892424152452,0.00958453591551727,available,0.995134459964207,132.548424025246,0.0001330678822505
polygenic_bayesc_scheduled,1,active_markers,TRUE,available,200,60.94,10.6302119938963,60,43,84.2916666666668,43,81,available,1.00341063868111,79.7384052334926,1.22795552295531
polygenic_bayesc_scheduled,1,weight_0,TRUE,available,200,0.998192610400069,0.000327730173074521,0.998225111162136,0.997464865031606,0.99872535359653,0.997417925749811,0.998658786970566,available,1.01231080916156,33.1778839934963,6.09765573123832e-05
polygenic_bayesc_scheduled,1,weight_1,TRUE,available,200,0.00180738959993075,0.000327730173074519,0.0017748888378645,0.00127464640347001,0.00253513496839376,0.00134121302943407,0.00258207425018933,available,1.01231080916156,33.1778839934963,6.09765573123876e-05
polygenic_bayesc_scheduled,1,genetic_variance,TRUE,available,1000,0.413989530883143,0.018454210629462,0.413458504815551,0.379417489108801,0.451023702999837,0.377483455280824,0.447770614239836,available,1.00406795836033,470.664768793355,0.000857888801654857
polygenic_bayesc_scheduled,1,vle,TRUE,available,1000,0.42253643628256,0.0191735491306913,0.421584317398121,0.38788996893377,0.461874850711212,0.386238929834543,0.458193169018595,available,1.00386667556285,465.095383859539,0.000892495445305007
polygenic_bayesc_scheduled,1,vld,TRUE,available,1000,-0.00854690539941669,0.00398535563674073,-0.00842714305879397,-0.0163880906869058,-0.00110622571166927,-0.0159739870810052,-0.0010520778260425,available,1.00451300917417,667.055420058911,0.000153893423069367
polygenic_bayesc_scheduled,1,h2,TRUE,available,1000,0.414657240881762,0.0144440480827558,0.414671629265816,0.387824063834046,0.442648241680224,0.389413522128903,0.4431917043101,available,1.01090602861167,244.373541707604,0.000921873406962958
polygenic_bayesc_scheduled,2,residual_variance,TRUE,available,200,0.58615064100203,0.0148323371943007,0.583875145361191,0.560633153079244,0.616842674849777,0.560152815185138,0.615504224759511,available,1.00678753534601,172.136538650501,0.00113576714250341
polygenic_bayesc_scheduled,2,effect_variance,TRUE,available,200,0.00748311915839646,0.00192210800789247,0.00733055766046383,0.00439908272020867,0.012576089930781,0.00399859464839673,0.0110334928133727,available,1.013875148802,253.408012889829,0.000118381252410744
polygenic_bayesc_scheduled,2,active_markers,TRUE,available,200,56.755,9.08557722810385,55,41.3416666666667,75.6583333333334,40,73,available,0.994385896507638,65.825742359276,1.1389849196202
polygenic_bayesc_scheduled,2,weight_0,TRUE,available,200,0.998394165546339,0.0003042534444899,0.998415657124055,0.997651333867083,0.998890060873612,0.997815853189399,0.998934192974895,available,1.00237149633861,32.0428262185094,5.56281014907758e-05
polygenic_bayesc_scheduled,2,weight_1,TRUE,available,200,0.00160583445366064,0.000304253444489899,0.00158434287594513,0.00110993912638801,0.00234866613291656,0.0010658070251053,0.00218414681060119,available,1.00237149633861,32.0428262185094,5.56281014907767e-05
polygenic_bayesc_scheduled,2,genetic_variance,TRUE,available,1000,0.411457613604156,0.0180870059289365,0.411496684143452,0.377114705928203,0.445890224774243,0.377090910379355,0.445622577174087,available,0.999178561345413,562.554369635329,0.000765565450438392
polygenic_bayesc_scheduled,2,vle,TRUE,available,1000,0.42007246023742,0.0189429120379135,0.41971586400094,0.383169469144787,0.455909877343026,0.383461991160415,0.456044658235446,available,1.00017350234571,571.487659995962,0.000798938145171537
polygenic_bayesc_scheduled,2,vld,TRUE,available,1000,-0.0086148466332646,0.00383861166182242,-0.00852582087235673,-0.0167346895149836,-0.00128226576461921,-0.0166169884215843,-0.0012817478734175,available,1.0047272579431,859.214095184831,0.000130798038620482
polygenic_bayesc_scheduled,2,h2,TRUE,available,1000,0.412114316120518,0.0136025884577714,0.412189353215287,0.384890438420894,0.437250465452206,0.385753420264689,0.43752471542666,available,0.999452082894307,290.627687018667,0.000795166590422423
polygenic_bayesr_full,1,residual_variance,TRUE,available,200,0.42468282644437,0.0306182027449852,0.422347985366758,0.372265859427941,0.488565663561719,0.365036060332184,0.475428294768208,available,1.28922591961506,6.37956296472631,0.0125434177416329
polygenic_bayesr_full,1,effect_variance,TRUE,available,200,0.00955880800367322,0.0021148847228592,0.00952646068803895,0.00498158584288989,0.0141809416400681,0.00441441452754936,0.0133261443585573,available,1.08385174739945,19.1476067051505,0.00049357703667626
polygenic_bayesr_full,1,active_markers,TRUE,available,200,1568.52,310.080115437849,1550,1076.125,2255.98333333334,1031,2156,available,1.18239872530719,11.2105369043537,88.7038627098211
polygenic_bayesr_full,1,weight_0,TRUE,available,200,0.958514046208193,0.00823404682929389,0.959514592470663,0.940518714111772,0.971309064010945,0.942208536314705,0.971640155907296,available,1.17872216231644,11.5470699684892,0.00230437535263131
polygenic_bayesr_full,1,weight_1,TRUE,available,200,0.0374748508313004,0.00837473604967156,0.0368604425827709,0.0240521619807714,0.0567405437015905,0.0228106102660601,0.0533715156029776,available,1.22027873441694,8.9190902558448,0.00265968161526599
polygenic_bayesr_full,1,weight_2,TRUE,available,200,0.00313477641718026,0.0012079897959746,0.0029969291239978,0.00137399316351715,0.00565566554946893,0.00120865249105868,0.00524237435001711,available,1.09129075243541,21.9492087227679,0.000252785282642813
polygenic_bayesr_full,1,weight_3,TRUE,available,200,0.000876326543326194,0.00031346053677763,0.000835408725127546,0.00037322692593082,0.00166881181498921,0.000337198012756849,0.00159672229160751,available,1.14717718506015,11.0436789974365,9.46335998762892e-05
polygenic_bayesr_full,1,genetic_variance,TRUE,available,1000,0.576242506625698,0.0336867874250269,0.577800889962822,0.511897588078155,0.637271552388866,0.514096538164308,0.637439799842002,available,1.23847789494695,7.44738454918951,0.0127248381550296
polygenic_bayesr_full,1,vle,TRUE,available,1000,0.586080329880617,0.0365643024511786,0.588200168491751,0.517658307772718,0.652223025898718,0.521398258988807,0.654697612314927,available,1.20930269376027,8.64121330311898,0.0128828603699643
polygenic_bayesr_full,1,vld,TRUE,available,1000,-0.00983782325491935,0.0101839656557757,-0.00974427103708669,-0.0301383509336172,0.0106598486684928,-0.0298894113731499,0.010693586817008,available,1.0031321191778,561.472410251418,0.000428907756813449
polygenic_bayesr_full,1,h2,TRUE,available,1000,0.576020389897799,0.0305605764370968,0.578221536729468,0.516722379740752,0.628026410494843,0.515226767970662,0.625550277436326,available,1.28629520828184,6.58986191416185,0.012512787106684
polygenic_bayesr_full,2,residual_variance,TRUE,available,200,0.452622135260663,0.0396574321396108,0.451237165288478,0.385660053749109,0.525839211876007,0.387323539820141,0.526233002660692,available,1.56422197932967,3.75224082109087,0.0214662369471551
polygenic_bayesr_full,2,effect_variance,TRUE,available,200,0.0120680087950259,0.00385798750503964,0.0112233546679863,0.00716017442528185,0.0217750650478625,0.00688176858847507,0.0200146971949608,available,1.37415880589479,5.00858300263424,0.00166584620050947
polygenic_bayesr_full,2,active_markers,TRUE,available,200,1127.005,486.741545004293,1205,344.366666666667,1937.50833333333,387,1968,available,1.85413338373987,3.09974245860351,285.294739470951
polygenic_bayesr_full,2,weight_0,TRUE,available,200,0.970233234932608,0.0128973062333228,0.968513846841499,0.948388989936078,0.991360841288053,0.949861941576461,0.991665404033927,available,1.87124237218346,3.07968811423013,0.00757145530190286
polygenic_bayesr_full,2,weight_1,TRUE,available,200,0.0262898449130721,0.0127017701373366,0.02755535410154,0.00502193601440055,0.0462961904264663,0.00500445952230859,0.0460209469050561,available,1.83992138863008,3.12050964672942,0.00743396376815255
polygenic_bayesr_full,2,weight_2,TRUE,available,200,0.00271005433220666,0.0011591376603482,0.00258229774156063,0.000499058199118042,0.00520313448556739,0.000674275815725636,0.00523549913832043,available,1.06360123971188,24.9032111618716,0.000239159280908229
polygenic_bayesr_full,2,weight_3,TRUE,available,200,0.000766865822113075,0.000334353108157933,0.000754787284323177,0.00023467575774899,0.00144577319465582,0.000233307976423189,0.00142466586046881,available,1.21468991169114,7.77948367928639,0.000121173548344066
polygenic_bayesr_full,2,genetic_variance,TRUE,available,1000,0.547136435441289,0.0420016691389302,0.549482113465208,0.468158923971207,0.621362778199862,0.4659262028067,0.618629969154571,available,1.53394123649056,3.66561366719479,0.0226439605265894
polygenic_bayesr_full,2,vle,TRUE,available,1000,0.557083130699076,0.043025733040593,0.557450519302617,0.472045169681931,0.6339750909367,0.478820306285825,0.637526643164634,available,1.49920725415485,3.81809559801656,0.0225972690858972
polygenic_bayesr_full,2,vld,TRUE,available,1000,-0.00994669525778714,0.00870267176586009,-0.00985274705336708,-0.0268523880469125,0.00723342936783137,-0.0271164391700529,0.00606450525535929,available,1.00171263968275,615.541230076246,0.000349952952431721
polygenic_bayesr_full,2,h2,TRUE,available,1000,0.547842287090792,0.0400822349010187,0.55036022806753,0.473151413924111,0.616791792375046,0.473969745454668,0.617180114300535,available,1.60046879534577,3.4524505289026,0.0224994849535684
polygenic_bayesr_scheduled,1,residual_variance,TRUE,available,200,0.512139715986898,0.0267332718849029,0.51657563741307,0.45507976045309,0.559796834749103,0.46205699510778,0.561933278514941,available,1.48572159140342,4.06962468292995,0.0133862312624921
polygenic_bayesr_scheduled,1,effect_variance,TRUE,available,200,0.0173886720859889,0.00657303541701165,0.0155162969633088,0.0101105802162959,0.035151808081722,0.00973173084698121,0.0340488842084392,available,1.34718524265435,5.14491386020945,0.00287403066406366
polygenic_bayesr_scheduled,1,active_markers,TRUE,available,200,384.82,141.823790450292,377,187.341666666667,724.316666666667,166,681,available,2.21618143691032,2.76479324707091,85.9443995519215
polygenic_bayesr_scheduled,1,weight_0,TRUE,available,200,0.989944712828407,0.00362261026237752,0.990061547109068,0.981090596593872,0.995224442111104,0.9821799428942,0.995448548122327,available,2.1318997762305,2.82812885978605,0.00217912011253421
polygenic_bayesr_scheduled,1,weight_1,TRUE,available,200,0.00680460473524941,0.00398977323432059,0.00574892933979651,0.0018006887947932,0.0159495165752235,0.00170656553810555,0.0152922219237587,available,2.62270317945863,2.55220055975152,0.00257348170186412
polygenic_bayesr_scheduled,1,weight_2,TRUE,available,200,0.00281821949266634,0.00102578500501754,0.0027694697708388,0.000994224247319158,0.00487138522992045,0.00095739931952627,0.0045999205734133,available,1.62898242539798,3.731220810542,0.000533184936404352
polygenic_bayesr_scheduled,1,weight_3,TRUE,available,200,0.00043246294367706,0.000203675772238225,0.00040081875892948,0.00014159597678084,0.00094868666995591,0.000126018851548261,0.000810963160027648,available,1.30296601487566,5.76151127083393,8.98529482827077e-05
polygenic_bayesr_scheduled,1,genetic_variance,TRUE,available,1000,0.487909751517991,0.0290791559875699,0.486551275404465,0.435719843491382,0.548693567923912,0.439883087616481,0.550199927072736,available,1.35821152132005,4.67196160493446,0.0136599133753107
polygenic_bayesr_scheduled,1,vle,TRUE,available,1000,0.497244146802199,0.0306651695777292,0.495577792451348,0.443226084131856,0.559782238930144,0.446830937294225,0.563196510360953,available,1.30942964960368,5.23679285520904,0.0136443578591424
polygenic_bayesr_scheduled,1,vld,TRUE,available,1000,-0.00933439528420808,0.00704538882484862,-0.00904387964774347,-0.0233708317327087,0.00456809530013186,-0.0230902359522588,0.00465790759244594,available,1.00528113201457,369.141824950622,0.000366674307138413
polygenic_bayesr_scheduled,1,h2,TRUE,available,1000,0.488011713994937,0.0260980902100769,0.48582349206983,0.441675618151615,0.541798023063304,0.440717879645071,0.539605273941138,available,1.47790667621632,3.88519308832197,0.0134413890391084
polygenic_bayesr_scheduled,2,residual_variance,TRUE,available,200,0.507681033745111,0.0223887853387856,0.508412015645301,0.456465333064955,0.548122882686058,0.470642404212772,0.554719497841286,available,1.23235882679447,6.92726739648524,0.0086635952650231
polygenic_bayesr_scheduled,2,effect_variance,TRUE,available,200,0.0120186574170857,0.00445496254370406,0.0117903050909208,0.00542250404243628,0.0222081193640444,0.00520097093183653,0.0202395958248594,available,1.43932047616851,4.387418487382,0.00213619371979077
polygenic_bayesr_scheduled,2,active_markers,TRUE,available,200,419.35,89.0173462854206,404,271.366666666667,633.658333333333,274,634,available,1.41027840644026,4.49566458973005,43.97819828791
polygenic_bayesr_scheduled,2,weight_0,TRUE,available,200,0.988857670628708,0.00237912781240517,0.98924048448014,0.983047735455911,0.992824347758615,0.983816691205975,0.993001547524451,available,1.41659825330337,4.44448929443295,0.00120063348725808
polygenic_bayesr_scheduled,2,weight_1,TRUE,available,200,0.00643018893767432,0.00138168136459774,0.00655887339654944,0.00296352362769915,0.00857932855475297,0.00299710459507885,0.00858796973450569,available,1.36451409791553,5.00188255769017,0.000658594997813898
polygenic_bayesr_scheduled,2,weight_2,TRUE,available,200,0.00393350420385617,0.00150774266137981,0.00368870439130914,0.00181065054307486,0.00805004484602206,0.00191242301638889,0.00807909532948809,available,1.73064692047685,3.3081458059254,0.000845601870384953
polygenic_bayesr_scheduled,2,weight_3,TRUE,available,200,0.000778636229761998,0.000375467675857687,0.000690563305726264,0.000255417821691322,0.00160446671071248,0.000205003359007836,0.00154970624392623,available,1.28935847091204,6.09834234721738,0.000152550915597276
polygenic_bayesr_scheduled,2,genetic_variance,TRUE,available,1000,0.491742887461088,0.0256623848134733,0.490576266300298,0.447261377988856,0.548222151930746,0.446424729883246,0.543856419198739,available,1.16966960175356,8.29458920767716,0.00930243884484938
polygenic_bayesr_scheduled,2,vle,TRUE,available,1000,0.50163998058233,0.0275092460863931,0.49964480381077,0.454381823617882,0.563067048272658,0.449552988747799,0.555427218198195,available,1.14424927379563,9.67957317264291,0.00930112073682565
polygenic_bayesr_scheduled,2,vld,TRUE,available,1000,-0.00989709312124161,0.00735125843675071,-0.0100978277607482,-0.024768052183263,0.00480159306394317,-0.0228370625084849,0.005575532865703,available,1.00782419963662,626.621437893993,0.000294252286686692
polygenic_bayesr_scheduled,2,h2,TRUE,available,1000,0.491693910075539,0.021993099702465,0.490265060792169,0.452541167589583,0.540346218468741,0.449741789307619,0.533705219481249,available,1.22017136022,6.74224190554996,0.00879620490546163
sparse_bayesr_scheduled,1,residual_variance,TRUE,available,200,0.883558281221614,0.0201951213867101,0.883664750843831,0.839396045093451,0.924547032001828,0.838247890637988,0.917565213985757,available,1.00145321562156,208.66301665045,0.00138963854957079
sparse_bayesr_scheduled,1,effect_variance,TRUE,available,200,1.22621348370468,0.922752455465816,0.979788145070389,0.286592954828631,3.79708038659927,0.224559905506526,3.42888845809199,available,1.03943634534477,56.0824306754066,0.103593988527462
sparse_bayesr_scheduled,1,active_markers,TRUE,available,200,6.07,1.91137825512661,6,4,11,4,10,available,1.01481088196145,90.791252997487,0.221249696244994
sparse_bayesr_scheduled,1,weight_0,TRUE,available,200,0.999746319592861,8.45493561047072e-05,0.999749228730585,0.999585535961563,0.999890187138873,0.999585535961563,0.999890187138873,available,1.03299287711879,47.6175353896402,1.2315661548346e-05
sparse_bayesr_scheduled,1,weight_1,TRUE,available,200,0.000136968934826254,8.74393350826704e-05,0.000121913292802975,1.11610796204404e-05,0.000362492906594598,8.40868781223441e-06,0.000336803345360925,available,1.08678889992622,19.9419217903981,1.74986487684589e-05
sparse_bayesr_scheduled,1,weight_2,TRUE,available,200,8.54378901607317e-05,7.36937922197791e-05,7.86749468676485e-05,2.2744624689986e-06,0.000231711397578203,1.06034073860345e-06,0.000210170875418603,available,1.06003760192778,26.3177022556105,1.43700213546184e-05
sparse_bayesr_scheduled,1,weight_3,TRUE,available,200,3.12735821516186e-05,3.30661106984657e-05,2.13079668421094e-05,6.5975056319965e-07,0.000124934536338632,5.95387703757089e-07,8.43606641566883e-05,available,1.00566655729631,97.4567360519486,3.33606797848801e-06
sparse_bayesr_scheduled,1,genetic_variance,TRUE,available,1000,0.117475952175094,0.0104647615222511,0.116881364469833,0.098173219068507,0.13924936795485,0.097221518461993,0.137121642046073,available,1.00010562377526,795.546674289867,0.000365288263984349
sparse_bayesr_scheduled,1,vle,TRUE,available,1000,0.118453114261283,0.0105664636181441,0.117800910098761,0.0987760090865175,0.140863001651684,0.0970168564929852,0.137315360227183,available,0.999996737329987,785.539473450705,0.000371875185084096
sparse_bayesr_scheduled,1,vld,TRUE,available,1000,-0.000977162086189405,0.000647353854776086,-0.000975085331099405,-0.00228546886047736,0.000552482537229325,-0.0023073825687123,0.000481455550579324,available,1.00175683887733,909.016907732671,2.09598584749006e-05
sparse_bayesr_scheduled,1,h2,TRUE,available,1000,0.117356954691021,0.00957897102041625,0.117236704914591,0.10001653163514,0.136927683196638,0.100479576279845,0.13699715718,available,0.999782756757774,827.252018024206,0.000335767271568725
sparse_bayesr_scheduled,2,residual_variance,TRUE,available,200,0.877868861428789,0.0202301332509283,0.878192205602107,0.842988487992814,0.921296022941242,0.842550816746122,0.91982568778698,available,1.00048400236291,164.048086408018,0.00158977678995264
sparse_bayesr_scheduled,2,effect_variance,TRUE,available,200,1.30380919998214,0.953104982268224,1.01894461558297,0.318434159576365,3.80787142694291,0.297332326423162,3.24063806391939,available,0.997833528802541,58.2478341920576,0.100405017000983
sparse_bayesr_scheduled,2,active_markers,TRUE,available,200,6.48,2.41843838480651,6,4,12.6583333333334,4,11,available,1.02511012353249,84.763283048045,0.271780194641736
sparse_bayesr_scheduled,2,weight_0,TRUE,available,200,0.99972515182363,0.000112840790214627,0.999720383791423,0.999490400608053,0.999910285491579,0.999537731073414,0.999942755690395,available,1.05081419251923,40.5826814970387,2.07776833605364e-05
sparse_bayesr_scheduled,2,weight_1,TRUE,available,200,0.000180194562310247,0.000111922667568876,0.000163995840952629,1.01919027448305e-05,0.000408335641016321,6.8681992349129e-06,0.000399932853082806,available,1.06898040321083,21.5403125606732,2.37608860116709e-05
sparse_bayesr_scheduled,2,weight_2,TRUE,available,200,5.57103873605134e-05,5.59112192260747e-05,3.79594204780283e-05,1.07775754808225e-07,0.000194084334387848,6.17547519926373e-08,0.000161510203789313,available,1.02101601703272,37.1169287248473,9.08541681463235e-06
sparse_bayesr_scheduled,2,weight_3,TRUE,available,200,3.89432266987963e-05,3.8606430674854e-05,2.62036031218722e-05,2.28269118892625e-06,0.00014585871446981,2.61272523837706e-07,0.000126543625403181,available,1.01739343973818,69.7289941789216,4.77363926971621e-06
sparse_bayesr_scheduled,2,genetic_variance,TRUE,available,1000,0.118389237090623,0.01118127717763,0.118092825762711,0.0991271376675717,0.141088571574095,0.0982701384444169,0.139533221314042,available,0.998387660658032,810.87168604592,0.000398848426590511
sparse_bayesr_scheduled,2,vle,TRUE,available,1000,0.119406012816797,0.0113424197704405,0.119043427264702,0.0998455402105265,0.142727487213728,0.0995293000857448,0.142154959751023,available,0.998871174919488,807.97901616471,0.000407044709505785
sparse_bayesr_scheduled,2,vld,TRUE,available,1000,-0.00101677572617346,0.000715145549825522,-0.000989025926429396,-0.00258821074364001,0.000644178353468418,-0.00240268508760891,0.00074510755416976,available,1.00632023931324,1241.07718335529,2.00697454699076e-05
sparse_bayesr_scheduled,2,h2,TRUE,available,1000,0.118447792748017,0.0102823265466972,0.118178736846174,0.0999562732354263,0.1390878702958,0.100463015939711,0.139303939819036,available,0.999339218215965,783.924253888967,0.000374188001129612
