"fit","phase","group","quantities","max_rhat","min_ess_bulk","screening_pass"
"sparse_bayesc_full","original_500","parameter_variances",2,0.998069083409819,237.261790453373,TRUE
"sparse_bayesc_full","original_500","mixture",3,0.997688248718975,205.079003869007,TRUE
"sparse_bayesc_scheduled","original_500","parameter_variances",2,1.00200671175499,206.622660074891,TRUE
"sparse_bayesc_scheduled","original_500","mixture",3,1.0256051420529,44.2004091518664,FALSE
"sparse_bayesr_full","original_500","parameter_variances",2,1.0302947642957,102.881651085118,FALSE
"sparse_bayesr_full","original_500","mixture",5,1.01766493753222,107.638646095692,FALSE
"sparse_bayesr_scheduled","original_500","parameter_variances",2,1.08538514706127,18.2086650907747,FALSE
"sparse_bayesr_scheduled","original_500","mixture",5,1.23987018945141,7.60817939922923,FALSE
"polygenic_bayesc_full","original_500","parameter_variances",2,1.00332996085115,149.235869131039,TRUE
"polygenic_bayesc_full","original_500","mixture",3,1.0151976248387,160.410635992376,FALSE
"polygenic_bayesc_scheduled","original_500","parameter_variances",2,1.04468965123181,35.4773011565947,FALSE
"polygenic_bayesc_scheduled","original_500","mixture",3,1.23992817333737,7.36617594415334,FALSE
"polygenic_bayesr_full","original_500","parameter_variances",2,1.19344102110013,10.0283626292432,FALSE
"polygenic_bayesr_full","original_500","mixture",5,1.44927082501114,4.54208561638432,FALSE
"polygenic_bayesr_scheduled","original_500","parameter_variances",2,1.59465122099838,3.63075522713296,FALSE
"polygenic_bayesr_scheduled","original_500","mixture",5,2.68102847599454,2.53211463364996,FALSE
"corrected_polygenic_bayesr_scheduled","corrected_kernel_batch_1","parameter_variances",2,1.15847895211732,9.77184273794596,FALSE
"corrected_polygenic_bayesr_scheduled","corrected_kernel_batch_1","genetic_variances",4,1.12126881095872,12.6317624240139,FALSE
"corrected_polygenic_bayesr_scheduled","corrected_kernel_batch_1","mixture",5,1.36957488107497,4.79993394407284,FALSE
"corrected_polygenic_bayesr_scheduled","corrected_kernel_batch_2","parameter_variances",2,1.13003160069728,13.3294574947832,FALSE
"corrected_polygenic_bayesr_scheduled","corrected_kernel_batch_2","genetic_variances",4,1.13859053626147,12.6695279953672,FALSE
"corrected_polygenic_bayesr_scheduled","corrected_kernel_batch_2","mixture",5,1.25766681388185,6.11029511052647,FALSE
"polygenic_bayesc_scheduled","continuation_batch_1","parameter_variances",2,1.04031976651592,60.9015444156235,FALSE
"polygenic_bayesc_scheduled","continuation_batch_1","genetic_variances",4,1.01090602861167,244.373541707604,FALSE
"polygenic_bayesc_scheduled","continuation_batch_1","mixture",3,1.01231080916156,33.1778839934963,FALSE
"polygenic_bayesc_scheduled","continuation_batch_2","parameter_variances",2,1.013875148802,172.136538650501,FALSE
"polygenic_bayesc_scheduled","continuation_batch_2","genetic_variances",4,1.0047272579431,290.627687018667,TRUE
"polygenic_bayesc_scheduled","continuation_batch_2","mixture",3,1.00237149633861,32.0428262185094,FALSE
"polygenic_bayesr_full","continuation_batch_1","parameter_variances",2,1.28922591961506,6.37956296472631,FALSE
"polygenic_bayesr_full","continuation_batch_1","genetic_variances",4,1.28629520828184,6.58986191416185,FALSE
"polygenic_bayesr_full","continuation_batch_1","mixture",5,1.22027873441694,8.9190902558448,FALSE
"polygenic_bayesr_full","continuation_batch_2","parameter_variances",2,1.56422197932967,3.75224082109087,FALSE
"polygenic_bayesr_full","continuation_batch_2","genetic_variances",4,1.60046879534577,3.4524505289026,FALSE
"polygenic_bayesr_full","continuation_batch_2","mixture",5,1.87124237218346,3.07968811423013,FALSE
"polygenic_bayesr_scheduled","continuation_batch_1","parameter_variances",2,1.48572159140342,4.06962468292995,FALSE
"polygenic_bayesr_scheduled","continuation_batch_1","genetic_variances",4,1.47790667621632,3.88519308832197,FALSE
"polygenic_bayesr_scheduled","continuation_batch_1","mixture",5,2.62270317945863,2.55220055975152,FALSE
"polygenic_bayesr_scheduled","continuation_batch_2","parameter_variances",2,1.43932047616851,4.387418487382,FALSE
"polygenic_bayesr_scheduled","continuation_batch_2","genetic_variances",4,1.22017136022,6.74224190554996,FALSE
"polygenic_bayesr_scheduled","continuation_batch_2","mixture",5,1.73064692047685,3.3081458059254,FALSE
"sparse_bayesr_scheduled","continuation_batch_1","parameter_variances",2,1.03943634534477,56.0824306754066,FALSE
"sparse_bayesr_scheduled","continuation_batch_1","genetic_variances",4,1.00175683887733,785.539473450705,TRUE
"sparse_bayesr_scheduled","continuation_batch_1","mixture",5,1.08678889992622,19.9419217903981,FALSE
"sparse_bayesr_scheduled","continuation_batch_2","parameter_variances",2,1.00048400236291,58.2478341920576,FALSE
"sparse_bayesr_scheduled","continuation_batch_2","genetic_variances",4,1.00632023931324,783.924253888967,TRUE
"sparse_bayesr_scheduled","continuation_batch_2","mixture",5,1.06898040321083,21.5403125606732,FALSE
