"fit","parameter","estimated","status","draws","mean","sd","median","lower","upper","hpd_lower","hpd_upper","diagnostic_status","rhat","ess_bulk","mcse_mean"
"sparse_bayesc_full","residual_variance",TRUE,"available",200,0.882887742943693,0.0199679377069432,0.883900251536304,0.844116613686509,0.924499310485533,0.849213803085861,0.924772642382775,"available",0.996753295343433,245.743170616939,0.0012684315265171
"sparse_bayesc_full","effect_variance",TRUE,"available",200,0.0481401734226486,0.0285750078941513,0.0431724322191424,0.0170975153020051,0.133344086580136,0.0129117764867568,0.10467866767164,"available",0.998069083409819,237.261790453373,0.00197474313511684
"sparse_bayesc_full","active_markers",TRUE,"available",200,5.77,1.80649303497886,5,4,10.6583333333334,4,8,"available",0.996673938886954,241.004346292005,0.120668647712062
"sparse_bayesc_full","weight_0",TRUE,"available",200,0.999818193829718,8.07781742278043e-05,0.999827666473203,0.999648505282744,0.999951975563173,0.999678131157109,0.999967206344976,"available",0.997688248718975,205.079003869007,5.84554717989054e-06
"sparse_bayesc_full","weight_1",TRUE,"available",200,0.00018180617028176,8.07781742278069e-05,0.000172333526796914,4.80244368266839e-05,0.000351494717256451,3.27936550235147e-05,0.000321868842890561,"available",0.997688248718975,205.079003869008,5.84554717989027e-06
"sparse_bayesc_scheduled","residual_variance",TRUE,"available",200,0.881564453587208,0.0201076041771605,0.879308553462096,0.840559224514413,0.920455578162602,0.841967275717708,0.920605964367359,"available",1.00200671175499,206.622660074891,0.00138695702651231
"sparse_bayesc_scheduled","effect_variance",TRUE,"available",200,0.0526373090065508,0.031545321279937,0.0441675540050869,0.018808915810844,0.141395683513847,0.0141941807206366,0.118183420429493,"available",0.997993577975523,240.034839035503,0.00186078697576737
"sparse_bayesc_scheduled","active_markers",TRUE,"available",200,5.12,1.29381986738735,5,4,8,4,8,"available",1.01319433736336,157.6186621774,0.108309604614518
"sparse_bayesc_scheduled","weight_0",TRUE,"available",200,0.999827410637998,6.95834284307388e-05,0.99984250247177,0.999663599047983,0.999937710546102,0.999690870903541,0.999960166763757,"available",1.0256051420529,44.2004091518664,1.07238587805252e-05
"sparse_bayesc_scheduled","weight_1",TRUE,"available",200,0.000172589362001688,6.9583428430754e-05,0.00015749752822992,6.22894538978574e-05,0.000336400952017165,3.98332362431921e-05,0.000309129096459395,"available",1.0256051420529,44.2004091518664,1.07238587805285e-05
"sparse_bayesr_full","residual_variance",TRUE,"available",200,0.879373728846763,0.0189624829767044,0.879634160074465,0.838084606195457,0.913039421013884,0.844991308461775,0.914332500627666,"available",0.999381600624404,243.498864417558,0.00123544206258994
"sparse_bayesr_full","effect_variance",TRUE,"available",200,0.962785197661229,0.728268129776361,0.762091152409626,0.198947480213951,3.27964519054729,0.173785092146316,2.40302419191469,"available",1.0302947642957,102.881651085118,0.0580818390447842
"sparse_bayesr_full","active_markers",TRUE,"available",200,7.725,2.94665724927817,7,4,15,4,13,"available",0.996562739835704,171.415438116231,0.236091734468654
"sparse_bayesr_full","weight_0",TRUE,"available",200,0.999719878553799,0.000114613276695812,0.999733368237133,0.999457732140828,0.999869680279275,0.999510238793719,0.99988999125651,"available",1.007275245467,164.919854911329,8.81267488116233e-06
"sparse_bayesr_full","weight_1",TRUE,"available",200,0.000142878020724875,9.77661881681035e-05,0.000136694053740116,2.51495121246212e-06,0.000396448910354324,4.05839819227384e-07,0.000326934674375906,"available",1.01098002236299,107.638646095692,9.49478247218735e-06
"sparse_bayesr_full","weight_2",TRUE,"available",200,0.000101691079713269,7.8930627794461e-05,8.08462320455751e-05,2.72763401074663e-06,0.000309479169359341,2.94743896881262e-07,0.000271652138663344,"available",1.01766493753222,110.40074301024,7.10727564624691e-06
"sparse_bayesr_full","weight_3",TRUE,"available",200,3.55523457627138e-05,3.50317581372099e-05,2.46954028225336e-05,2.16983960535598e-06,0.00013854803018325,6.19151577692702e-08,9.87087517271988e-05,"available",1.00692623442354,150.236229910426,2.72458985492341e-06
"sparse_bayesr_scheduled","residual_variance",TRUE,"available",200,0.882580534632353,0.0196353813939303,0.881796363570851,0.84365339306038,0.917098086149862,0.843171214500705,0.916028798861663,"available",0.997778647896217,189.954793080639,0.00141760512588996
"sparse_bayesr_scheduled","effect_variance",TRUE,"available",200,1.32333497468062,0.945177133230586,1.13305483472659,0.305273275996785,3.77403942267436,0.175424043388596,3.42846921952244,"available",1.08538514706127,18.2086650907747,0.135020851472332
"sparse_bayesr_scheduled","active_markers",TRUE,"available",200,6.37,2.39620722084425,6,4,12.6583333333334,4,11,"available",1.03798454050583,61.6680270216198,0.360727646425606
"sparse_bayesr_scheduled","weight_0",TRUE,"available",200,0.999726549000904,9.61628679417775e-05,0.99973764067465,0.999493244246035,0.999887492982697,0.999521373554509,0.999900236176541,"available",1.05733087459534,43.094741496102,1.4817081826913e-05
"sparse_bayesr_scheduled","weight_1",TRUE,"available",200,0.000177445183726337,0.000102877593288014,0.000169743187386395,8.71057563757769e-06,0.000396154751322367,2.3782388850201e-06,0.000377046964790434,"available",1.23987018945141,7.60817939922923,3.56822348099354e-05
"sparse_bayesr_scheduled","weight_2",TRUE,"available",200,6.23330213401919e-05,5.45289553231886e-05,4.9987617221951e-05,6.67877410519748e-07,0.000239766412802892,2.93963741129074e-07,0.00015844041787464,"available",1.13855969384901,16.394833893831,9.8549538217253e-06
"sparse_bayesr_scheduled","weight_3",TRUE,"available",200,3.3672794029616e-05,3.05983147474999e-05,2.37843405679225e-05,3.26571563233335e-07,9.57560120431051e-05,7.66233880319359e-08,9.27301546933633e-05,"available",1.03646314326163,65.2957725352279,3.65388550580245e-06
"polygenic_bayesc_full","residual_variance",TRUE,"available",200,0.577104173004868,0.0156327095270835,0.577950522726235,0.544402835975156,0.605395091616942,0.548350597417194,0.608025813118064,"available",0.997282222526533,181.68011026092,0.00118226666100197
"polygenic_bayesc_full","effect_variance",TRUE,"available",200,0.00584488111511231,0.00139829478430987,0.00563515795458098,0.00366918220634854,0.00932630828788382,0.00347927438312283,0.00846982292594188,"available",1.00332996085115,149.235869131039,0.000116751262688844
"polygenic_bayesc_full","active_markers",TRUE,"available",200,74.71,12.4781578011561,73,54,102,54,102,"available",1.0151976248387,160.410635992376,0.996809145110583
"polygenic_bayesc_full","weight_0",TRUE,"available",200,0.998021402294861,0.00042359104503473,0.998085223003251,0.99722995678547,0.99871280612618,0.997309328522579,0.99872944388298,"available",1.00430331788288,165.216820212098,3.35646888385548e-05
"polygenic_bayesc_full","weight_1",TRUE,"available",200,0.00197859770513923,0.000423591045034731,0.00191477699674856,0.0012871938738204,0.00277004321453039,0.00127055611702027,0.00269067147742124,"available",1.00430331788288,165.216820212098,3.35646888385546e-05
"polygenic_bayesc_scheduled","residual_variance",TRUE,"available",200,0.583831412020436,0.0154522546259983,0.584526572852354,0.553351656701044,0.623197360873777,0.553250715635271,0.615052621002127,"available",1.03224035814917,103.922260808603,0.00154605686757916
"polygenic_bayesc_scheduled","effect_variance",TRUE,"available",200,0.00707060532522424,0.00167448831550972,0.00681583080557875,0.00430658045457427,0.0114401203298024,0.00429204987079702,0.0109100525985118,"available",1.04468965123181,35.4773011565947,0.000261891834665072
"polygenic_bayesc_scheduled","active_markers",TRUE,"available",200,59.36,10.0581425300986,58,42,81.6583333333334,42,80,"available",1.19322056968964,8.06683651994025,3.60735879419495
"polygenic_bayesc_scheduled","weight_0",TRUE,"available",200,0.998286672583881,0.000345631281439105,0.998354743257347,0.997623404617391,0.998919652880305,0.997735649799501,0.998973553120242,"available",1.23992817333737,7.36617594415335,0.00013283818102441
"polygenic_bayesc_scheduled","weight_1",TRUE,"available",200,0.00171332741611854,0.000345631281439109,0.00164525674265278,0.00108034711969485,0.00237659538260849,0.00102644687975768,0.00226435020049924,"available",1.23992817333737,7.36617594415334,0.0001328381810244
"polygenic_bayesr_full","residual_variance",TRUE,"available",200,0.448467788729897,0.029793586975461,0.448995161553585,0.382399748816117,0.510756841867774,0.397642895416255,0.51340152599202,"available",1.19344102110013,10.0283626292432,0.0093793782592262
"polygenic_bayesr_full","effect_variance",TRUE,"available",200,0.0119609080667392,0.00316742887233764,0.0114016146630699,0.00691935420407393,0.0185562347795032,0.00703642495983614,0.0185762727306927,"available",1.08093694212725,20.4131483287212,0.000751397219296725
"polygenic_bayesr_full","active_markers",TRUE,"available",200,1155.795,331.330867402159,1124,710.758333333333,1989.6,690,1851,"available",1.44093630512544,4.60791990448269,165.613020030862
"polygenic_bayesr_full","weight_0",TRUE,"available",200,0.969446418630445,0.00869056879053251,0.970404566881136,0.94740944574625,0.980796981837161,0.950975187043483,0.981233321406461,"available",1.44927082501114,4.57945806970297,0.00433208620829651
"polygenic_bayesr_full","weight_1",TRUE,"available",200,0.0271726546189276,0.00858505076526168,0.0261313789447816,0.0157798414105415,0.0485752432866221,0.0143703518758755,0.0448587592994682,"available",1.44725592716565,4.54208561638432,0.00427010829742403
"polygenic_bayesr_full","weight_2",TRUE,"available",200,0.00264102328064121,0.00107295281319238,0.00253329448887276,0.00100418369692157,0.00525607427603703,0.000971705822037897,0.00494201379996709,"available",1.05965291555175,40.381162469494,0.000184692696153803
"polygenic_bayesr_full","weight_3",TRUE,"available",200,0.000739903469985832,0.000310023222137088,0.000693854993808839,0.000268595570834877,0.0015061546292924,0.000147412831820183,0.00131407449541168,"available",1.03245174872536,42.8287790553344,4.75440982481423e-05
"polygenic_bayesr_scheduled","residual_variance",TRUE,"available",200,0.509867215206985,0.0282542549228537,0.511191447842966,0.461953274772134,0.566323377443998,0.46420619542896,0.566493590096727,"available",1.59465122099838,3.63075522713296,0.0151668858198609
"polygenic_bayesr_scheduled","effect_variance",TRUE,"available",200,0.0124687582988519,0.00334546859820881,0.0122917859850696,0.00604149364023605,0.0197091471362571,0.00583577081075836,0.0184385509707378,"available",1.13968959931927,19.0075574122866,0.000756351756775113
"polygenic_bayesr_scheduled","active_markers",TRUE,"available",200,456.695,219.581607578901,463,152.683333333333,794.658333333333,149,771,"available",2.37178211285683,2.64887805894836,143.906191813084
"polygenic_bayesr_scheduled","weight_0",TRUE,"available",200,0.987936488038953,0.00576502271313065,0.987528657853663,0.979052305075611,0.995869927956885,0.979816066353959,0.995939851841724,"available",2.36018623062141,2.6601465243887,0.00377861493962029
"polygenic_bayesr_scheduled","weight_1",TRUE,"available",200,0.00796719820540198,0.0057876313381543,0.00858639346532475,0.000762165179501437,0.0172352975664429,0.000717027177228315,0.0171047500262171,"available",2.68102847599454,2.53211463364996,0.00381978901748847
"polygenic_bayesr_scheduled","weight_2",TRUE,"available",200,0.00344476549980205,0.000883706884898979,0.00357933299484656,0.00159602861402076,0.00479868860359175,0.00159602861402076,0.00479868860359175,"available",1.23131337126669,12.8337460097908,0.000282151011133124
"polygenic_bayesr_scheduled","weight_3",TRUE,"available",200,0.000651548255842536,0.000299480665487753,0.000594163696718163,0.00020613225453163,0.00139175579852815,0.000177267285022457,0.00129647532846621,"available",1.15289179307392,10.0993104352734,0.00010257895961286
