"fit","parameter","mean","sd","lower","upper"
"sparse_bayesc_full","genetic_variance",0.118308268827945,0.0103959512674341,0.0975594633544485,0.13885248558961
"sparse_bayesc_full","vle",0.119293420939191,0.0105106042548047,0.0987458415363854,0.140863373759277
"sparse_bayesc_full","vld",-0.000985152111246127,0.0006233171858895,-0.00230270947314619,0.000479852892492254
"sparse_bayesc_full","h2",0.118087229397171,0.00955523200977602,0.100068882487724,0.136794743691261
"sparse_bayesc_full","residual_variance",0.882887742943693,0.0199679377069432,0.844116613686509,0.924499310485533
"sparse_bayesc_full","effect_variance",0.0481401734226486,0.0285750078941513,0.0170975153020051,0.133344086580136
"sparse_bayesr_full","genetic_variance",0.120079769792293,0.0113025954334177,0.0990576729428619,0.143597264415826
"sparse_bayesr_full","vle",0.121096853168769,0.0114522318249868,0.0998004318221494,0.144835707596617
"sparse_bayesr_full","vld",-0.00101708337647594,0.000798215919061155,-0.0027069278812564,0.000742583748600487
"sparse_bayesr_full","h2",0.119993678887966,0.010439856946218,0.100414343740024,0.140979595168887
"sparse_bayesr_full","residual_variance",0.879373728846763,0.0189624829767044,0.838084606195457,0.913039421013884
"sparse_bayesr_full","effect_variance",0.962785197661229,0.728268129776361,0.198947480213951,3.27964519054729
