"fit","quantity","mean","lower","upper"
"sparse_bayesc_full","vg",0.118308268827945,0.0976709157795852,0.138825425804074
"sparse_bayesc_full","vle",0.119293420939191,0.0987621155937671,0.140738112452353
"sparse_bayesc_full","vld",-0.000985152111246127,-0.00229549779192924,0.000475386290879327
"sparse_bayesc_full","vb",0.0486151926789614,0.0182723510864778,0.123870777830935
"sparse_bayesc_full","ve",0.883217594465995,0.845690742865566,0.924138900999911
"sparse_bayesc_full","h2",0.118087229397171,0.100084303235486,0.136613340230933
"sparse_bayesc_scheduled","vg",0.117319736316011,0.0979968362597045,0.138144868446218
"sparse_bayesc_scheduled","vle",0.118284273685712,0.0986960945753326,0.139612812153172
"sparse_bayesc_scheduled","vld",-0.00096453736970031,-0.0020467713566335,8.28156381170156e-05
"sparse_bayesc_scheduled","vb",0.0559480355514144,0.0197658589819106,0.141543396085105
"sparse_bayesc_scheduled","ve",0.883364894428639,0.844262080184286,0.92406891062669
"sparse_bayesc_scheduled","h2",0.117201486571266,0.0989851822036512,0.136304188152841
"sparse_bayesr_full","vg",0.120079769792293,0.0992264789764039,0.143216503831858
"sparse_bayesr_full","vle",0.121096853168769,0.0998890356327031,0.144827406755215
"sparse_bayesr_full","vld",-0.00101708337647594,-0.00267271045817311,0.000742399945359048
"sparse_bayesr_full","vb",0.941201311651196,0.201693728765002,3.01971092839425
"sparse_bayesr_full","ve",0.880229134560393,0.841892639545061,0.918183642160648
"sparse_bayesr_full","h2",0.119993678887966,0.100472034506587,0.140928637276362
"sparse_bayesr_scheduled","vg",0.118004585274525,0.097142556524764,0.141480356469534
"sparse_bayesr_scheduled","vle",0.11900018067903,0.0977100827772442,0.142961410542669
"sparse_bayesr_scheduled","vld",-0.000995595404505137,-0.00249767003354904,0.000457052941387169
"sparse_bayesr_scheduled","vb",1.47567739489979,0.316521044456718,4.26147555840979
"sparse_bayesr_scheduled","ve",0.88133534075457,0.84543370539439,0.918026147335099
"sparse_bayesr_scheduled","h2",0.118025273359406,0.0998266812980546,0.138005322181106
"polygenic_bayesc_full","vg",0.421237079092515,0.3853079299248,0.459283682459359
"polygenic_bayesc_full","vle",0.429776091289739,0.392667750425891,0.468354090774418
"polygenic_bayesc_full","vld",-0.00853901219722368,-0.0178220371837048,0.000303291438684816
"polygenic_bayesc_full","vb",0.00576461617429032,0.00384078361266573,0.0086923785518605
"polygenic_bayesc_full","ve",0.577173323624457,0.541822252122572,0.608657688443528
"polygenic_bayesc_full","h2",0.421843807048062,0.393212563482898,0.45092423089487
"polygenic_bayesc_scheduled","vg",0.413665489216682,0.374638008711164,0.450537507646224
"polygenic_bayesc_scheduled","vle",0.422319649930321,0.384120980266455,0.46174319286167
"polygenic_bayesc_scheduled","vld",-0.00865416071363857,-0.0171380772809743,-0.00104381761897112
"polygenic_bayesc_scheduled","vb",0.00755220156309167,0.0047735571857113,0.011780201551592
"polygenic_bayesc_scheduled","ve",0.585029275052628,0.553481191988572,0.618782511440407
"polygenic_bayesc_scheduled","h2",0.414128761091523,0.383915061844661,0.442260744869586
"polygenic_bayesr_full","vg",0.552704794180885,0.499013435885666,0.618740582509873
"polygenic_bayesr_full","vle",0.562747722900415,0.503305117210982,0.629465888967264
"polygenic_bayesr_full","vld",-0.0100429287195294,-0.0296312063354612,0.00845076579387223
"polygenic_bayesr_full","vb",0.0119914926801016,0.00706465771104985,0.018876434044982
"polygenic_bayesr_full","ve",0.447815797512665,0.386957036327279,0.501234626428238
"polygenic_bayesr_full","h2",0.552372145941402,0.502613908536316,0.611113992836873
"polygenic_bayesr_scheduled","vg",0.49192241772713,0.435388106332702,0.547029239645101
"polygenic_bayesr_scheduled","vle",0.501364852586329,0.442031247497501,0.55879018969304
"polygenic_bayesr_scheduled","vld",-0.00944243485919896,-0.0235009636587634,0.00403010967435241
"polygenic_bayesr_scheduled","vb",0.0124095894515454,0.00615805742868356,0.0196380897279069
"polygenic_bayesr_scheduled","ve",0.509012672377164,0.459847687684974,0.562603350673258
"polygenic_bayesr_scheduled","h2",0.491385694502709,0.437388983554942,0.538358579832197
