"method","marker","chromosome","position","beta","se","statistic","p","status"
"Linear regression","19:55551662","19",55551662,0.465125093944918,0.0296023666036357,15.7124293531245,2.43776400633591e-54,"ok"
"Linear regression","11:935343","11",935343,0.23580636065116,0.0211927338998635,11.1267551305723,2.00055036508082e-28,"ok"
"Linear regression","13:92838400","13",92838400,-0.239978834190047,0.0226391716782137,-10.6001596525276,5.60377307911631e-26,"ok"
"Linear regression","11:92296987","11",92296987,0.234367773325562,0.0235040496951809,9.97137839500122,3.34603494284451e-23,"ok"
"Prior-selected LOCO","19:55551662","19",55551662,0.429368563266583,0.0271685473454138,249.762740842771,2.9252595883437e-56,"ok"
"Prior-selected LOCO","11:935343","11",935343,0.225010602383106,0.0192464154742151,136.680403182084,1.41642365467089e-31,"ok"
"Prior-selected LOCO","13:92838400","13",92838400,-0.218817098030008,0.0202687337680327,116.549193262116,3.60329763034827e-27,"ok"
"Prior-selected LOCO","11:92296987","11",92296987,0.217095443569231,0.0212946069602885,103.935081231801,2.09054912074897e-24,"ok"
"Gaussian LOCO","19:55551662","19",55551662,0.409386598774969,0.0265571314621367,237.631996672806,1.29135726606952e-53,"ok"
"Gaussian LOCO","11:935343","11",935343,0.208060089502106,0.0187898956599316,122.610827924954,1.69668051078028e-28,"ok"
"Gaussian LOCO","13:92838400","13",92838400,-0.210567797265839,0.0200357729511531,110.45152205998,7.80304666007558e-26,"ok"
"Gaussian LOCO","11:92296987","11",92296987,0.204944320924412,0.0207895045931606,97.1814771507579,6.32556461761156e-23,"ok"
